date,symbol,isin,name,quantity,avg_cost,cost_basis,currency,realized_pnl
2026-02-09,BMG348041077,BMG348041077,First Pacific Co Ltd,-104000.0,0.0,-0.0,HKD,666020.16
2026-02-09,CNE1000002V2,CNE1000002V2,China Telecom Corp Ltd,-76000.0,0.0,-0.0,HKD,376960.0
2026-02-09,CNE1000003G1,CNE1000003G1,Industrial and Commercial Bank of China Ltd,-99000.0,0.0,-0.0,HKD,645480.0
2026-02-09,GB0005405286,GB0005405286,HSBC Holdings PLC,-14400.0,0.0,-0.0,HKD,1997000.064
2026-02-09,HK0000127412,HK0000127412,CSOP ETF - CSOP FTSE China A50 ETF,-52600.0,0.0,-0.0,HKD,790578.0
2026-02-09,HK0000711199,HK0000711199,ChinaAMC Hang Seng Biotech ETF,-33400.0,0.0,-0.0,HKD,520925.104
2026-02-09,HK0027032686,HK0027032686,Galaxy Entertainment Group Ltd,-9000.0,0.0,-0.0,HKD,391920.03
2026-02-09,KYG211461085,KYG211461085,Chow Tai Fook Jewellery Group Ltd,-53600.0,0.0,-0.0,HKD,765724.24
2026-02-10,BMG348041077,BMG348041077,First Pacific Co Ltd,-104000.0,0.0,-0.0,HKD,666020.16
2026-02-10,CNE1000002V2,CNE1000002V2,China Telecom Corp Ltd,-76000.0,0.0,-0.0,HKD,376960.0
2026-02-10,CNE1000003G1,CNE1000003G1,Industrial and Commercial Bank of China Ltd,-99000.0,0.0,-0.0,HKD,645480.0
2026-02-10,GB0005405286,GB0005405286,HSBC Holdings PLC,-14400.0,0.0,-0.0,HKD,1997000.064
2026-02-10,GB00BD6RF223,GB00BD6RF223,Watkin Jones PLC,344827.0,0.29,99999.83,GBP,0.0
2026-02-10,HK0000127412,HK0000127412,CSOP ETF - CSOP FTSE China A50 ETF,-52600.0,0.0,-0.0,HKD,790578.0
2026-02-10,HK0000711199,HK0000711199,ChinaAMC Hang Seng Biotech ETF,-33400.0,0.0,-0.0,HKD,520925.104
2026-02-10,HK0027032686,HK0027032686,Galaxy Entertainment Group Ltd,-9000.0,0.0,-0.0,HKD,391920.03
2026-02-10,KYG211461085,KYG211461085,Chow Tai Fook Jewellery Group Ltd,-53600.0,0.0,-0.0,HKD,765724.24
2026-02-11,BMG348041077,BMG348041077,First Pacific Co Ltd,-104000.0,0.0,-0.0,HKD,666020.16
2026-02-11,CNE1000002V2,CNE1000002V2,China Telecom Corp Ltd,-76000.0,0.0,-0.0,HKD,376960.0
2026-02-11,CNE1000003G1,CNE1000003G1,Industrial and Commercial Bank of China Ltd,-99000.0,0.0,-0.0,HKD,645480.0
2026-02-11,GB0005405286,GB0005405286,HSBC Holdings PLC,-14400.0,0.0,-0.0,HKD,1997000.064
2026-02-11,GB00BD6RF223,GB00BD6RF223,Watkin Jones PLC,344827.0,0.29,99999.83,GBP,0.0
2026-02-11,HK0000127412,HK0000127412,CSOP ETF - CSOP FTSE China A50 ETF,-52600.0,0.0,-0.0,HKD,790578.0
2026-02-11,HK0000711199,HK0000711199,ChinaAMC Hang Seng Biotech ETF,-33400.0,0.0,-0.0,HKD,520925.104
2026-02-11,HK0027032686,HK0027032686,Galaxy Entertainment Group Ltd,-9000.0,0.0,-0.0,HKD,391920.03
2026-02-11,KYG211461085,KYG211461085,Chow Tai Fook Jewellery Group Ltd,-53600.0,0.0,-0.0,HKD,765724.24
2026-02-12,BMG348041077,BMG348041077,First Pacific Co Ltd,-104000.0,0.0,-0.0,HKD,666020.16
2026-02-12,CNE1000002V2,CNE1000002V2,China Telecom Corp Ltd,-76000.0,0.0,-0.0,HKD,376960.0
2026-02-12,CNE1000003G1,CNE1000003G1,Industrial and Commercial Bank of China Ltd,-99000.0,0.0,-0.0,HKD,645480.0
2026-02-12,GB0005405286,GB0005405286,HSBC Holdings PLC,-14400.0,0.0,-0.0,HKD,1997000.064
2026-02-12,GB00BD6RF223,GB00BD6RF223,Watkin Jones PLC,514895.0,0.29132119,149999.82412505,GBP,0.0
2026-02-12,HK0000127412,HK0000127412,CSOP ETF - CSOP FTSE China A50 ETF,-52600.0,0.0,-0.0,HKD,790578.0
2026-02-12,HK0000711199,HK0000711199,ChinaAMC Hang Seng Biotech ETF,-33400.0,0.0,-0.0,HKD,520925.104
2026-02-12,HK0027032686,HK0027032686,Galaxy Entertainment Group Ltd,-9000.0,0.0,-0.0,HKD,391920.03
2026-02-12,KYG211461085,KYG211461085,Chow Tai Fook Jewellery Group Ltd,-53600.0,0.0,-0.0,HKD,765724.24
2026-02-13,BMG348041077,BMG348041077,First Pacific Co Ltd,-104000.0,0.0,-0.0,HKD,666020.16
2026-02-13,CNE1000002V2,CNE1000002V2,China Telecom Corp Ltd,-76000.0,0.0,-0.0,HKD,376960.0
2026-02-13,CNE1000003G1,CNE1000003G1,Industrial and Commercial Bank of China Ltd,-99000.0,0.0,-0.0,HKD,645480.0
2026-02-13,GB0005405286,GB0005405286,HSBC Holdings PLC,-14400.0,0.0,-0.0,HKD,1997000.064
2026-02-13,GB00BD6RF223,GB00BD6RF223,Watkin Jones PLC,514895.0,0.29132119,149999.82412505,GBP,0.0
2026-02-13,HK0000127412,HK0000127412,CSOP ETF - CSOP FTSE China A50 ETF,-52600.0,0.0,-0.0,HKD,790578.0
2026-02-13,HK0000711199,HK0000711199,ChinaAMC Hang Seng Biotech ETF,-33400.0,0.0,-0.0,HKD,520925.104
2026-02-13,HK0027032686,HK0027032686,Galaxy Entertainment Group Ltd,-9000.0,0.0,-0.0,HKD,391920.03
2026-02-13,KYG211461085,KYG211461085,Chow Tai Fook Jewellery Group Ltd,-53600.0,0.0,-0.0,HKD,765724.24
2026-02-14,BMG348041077,BMG348041077,First Pacific Co Ltd,-104000.0,0.0,-0.0,HKD,666020.16
2026-02-14,CNE1000002V2,CNE1000002V2,China Telecom Corp Ltd,-76000.0,0.0,-0.0,HKD,376960.0
2026-02-14,CNE1000003G1,CNE1000003G1,Industrial and Commercial Bank of China Ltd,-99000.0,0.0,-0.0,HKD,645480.0
2026-02-14,GB0005405286,GB0005405286,HSBC Holdings PLC,-14400.0,0.0,-0.0,HKD,1997000.064
2026-02-14,GB00BD6RF223,GB00BD6RF223,Watkin Jones PLC,514895.0,0.29132119,149999.82412505,GBP,0.0
2026-02-14,HK0000127412,HK0000127412,CSOP ETF - CSOP FTSE China A50 ETF,-52600.0,0.0,-0.0,HKD,790578.0
2026-02-14,HK0000711199,HK0000711199,ChinaAMC Hang Seng Biotech ETF,-33400.0,0.0,-0.0,HKD,520925.104
2026-02-14,HK0027032686,HK0027032686,Galaxy Entertainment Group Ltd,-9000.0,0.0,-0.0,HKD,391920.03
2026-02-14,KYG211461085,KYG211461085,Chow Tai Fook Jewellery Group Ltd,-53600.0,0.0,-0.0,HKD,765724.24
2026-02-15,BMG348041077,BMG348041077,First Pacific Co Ltd,-104000.0,0.0,-0.0,HKD,666020.16
2026-02-15,CNE1000002V2,CNE1000002V2,China Telecom Corp Ltd,-76000.0,0.0,-0.0,HKD,376960.0
2026-02-15,CNE1000003G1,CNE1000003G1,Industrial and Commercial Bank of China Ltd,-99000.0,0.0,-0.0,HKD,645480.0
2026-02-15,GB0005405286,GB0005405286,HSBC Holdings PLC,-14400.0,0.0,-0.0,HKD,1997000.064
2026-02-15,GB00BD6RF223,GB00BD6RF223,Watkin Jones PLC,514895.0,0.29132119,149999.82412505,GBP,0.0
2026-02-15,HK0000127412,HK0000127412,CSOP ETF - CSOP FTSE China A50 ETF,-52600.0,0.0,-0.0,HKD,790578.0
2026-02-15,HK0000711199,HK0000711199,ChinaAMC Hang Seng Biotech ETF,-33400.0,0.0,-0.0,HKD,520925.104
2026-02-15,HK0027032686,HK0027032686,Galaxy Entertainment Group Ltd,-9000.0,0.0,-0.0,HKD,391920.03
2026-02-15,KYG211461085,KYG211461085,Chow Tai Fook Jewellery Group Ltd,-53600.0,0.0,-0.0,HKD,765724.24
2026-02-16,BMG348041077,BMG348041077,First Pacific Co Ltd,-104000.0,0.0,-0.0,HKD,666020.16
2026-02-16,CNE1000002V2,CNE1000002V2,China Telecom Corp Ltd,-76000.0,0.0,-0.0,HKD,376960.0
2026-02-16,CNE1000003G1,CNE1000003G1,Industrial and Commercial Bank of China Ltd,-99000.0,0.0,-0.0,HKD,645480.0
2026-02-16,GB0005405286,GB0005405286,HSBC Holdings PLC,-14400.0,0.0,-0.0,HKD,1997000.064
2026-02-16,GB00BD6RF223,GB00BD6RF223,Watkin Jones PLC,572612.0,0.29208478,167251.25004536,GBP,0.0
2026-02-16,HK0000127412,HK0000127412,CSOP ETF - CSOP FTSE China A50 ETF,-52600.0,0.0,-0.0,HKD,790578.0
2026-02-16,HK0000711199,HK0000711199,ChinaAMC Hang Seng Biotech ETF,-33400.0,0.0,-0.0,HKD,520925.104
2026-02-16,HK0027032686,HK0027032686,Galaxy Entertainment Group Ltd,-9000.0,0.0,-0.0,HKD,391920.03
2026-02-16,KYG211461085,KYG211461085,Chow Tai Fook Jewellery Group Ltd,-53600.0,0.0,-0.0,HKD,765724.24
2026-02-17,BMG348041077,BMG348041077,First Pacific Co Ltd,-104000.0,0.0,-0.0,HKD,666020.16
2026-02-17,CNE1000002V2,CNE1000002V2,China Telecom Corp Ltd,-76000.0,0.0,-0.0,HKD,376960.0
2026-02-17,CNE1000003G1,CNE1000003G1,Industrial and Commercial Bank of China Ltd,-99000.0,0.0,-0.0,HKD,645480.0
2026-02-17,GB0005405286,GB0005405286,HSBC Holdings PLC,-14400.0,0.0,-0.0,HKD,1997000.064
2026-02-17,GB00BD6RF223,GB00BD6RF223,Watkin Jones PLC,572621.0,0.29208495,167253.97615395,GBP,0.0
2026-02-17,HK0000127412,HK0000127412,CSOP ETF - CSOP FTSE China A50 ETF,-52600.0,0.0,-0.0,HKD,790578.0
2026-02-17,HK0000711199,HK0000711199,ChinaAMC Hang Seng Biotech ETF,-33400.0,0.0,-0.0,HKD,520925.104
2026-02-17,HK0027032686,HK0027032686,Galaxy Entertainment Group Ltd,-9000.0,0.0,-0.0,HKD,391920.03
2026-02-17,KYG211461085,KYG211461085,Chow Tai Fook Jewellery Group Ltd,-53600.0,0.0,-0.0,HKD,765724.24
2026-02-18,BMG348041077,BMG348041077,First Pacific Co Ltd,-104000.0,0.0,-0.0,HKD,666020.16
2026-02-18,CNE1000002V2,CNE1000002V2,China Telecom Corp Ltd,-76000.0,0.0,-0.0,HKD,376960.0
2026-02-18,CNE1000003G1,CNE1000003G1,Industrial and Commercial Bank of China Ltd,-99000.0,0.0,-0.0,HKD,645480.0
2026-02-18,GB0005405286,GB0005405286,HSBC Holdings PLC,-14400.0,0.0,-0.0,HKD,1997000.064
2026-02-18,GB00BD6RF223,GB00BD6RF223,Watkin Jones PLC,573754.0,0.2921065,167597.272801,GBP,0.0
2026-02-18,HK0000127412,HK0000127412,CSOP ETF - CSOP FTSE China A50 ETF,-52600.0,0.0,-0.0,HKD,790578.0
2026-02-18,HK0000711199,HK0000711199,ChinaAMC Hang Seng Biotech ETF,-33400.0,0.0,-0.0,HKD,520925.104
2026-02-18,HK0027032686,HK0027032686,Galaxy Entertainment Group Ltd,-9000.0,0.0,-0.0,HKD,391920.03
2026-02-18,KYG211461085,KYG211461085,Chow Tai Fook Jewellery Group Ltd,-53600.0,0.0,-0.0,HKD,765724.24
2026-02-19,BMG348041077,BMG348041077,First Pacific Co Ltd,-104000.0,0.0,-0.0,HKD,666020.16
2026-02-19,CNE1000002V2,CNE1000002V2,China Telecom Corp Ltd,-76000.0,0.0,-0.0,HKD,376960.0
2026-02-19,CNE1000003G1,CNE1000003G1,Industrial and Commercial Bank of China Ltd,-99000.0,0.0,-0.0,HKD,645480.0
2026-02-19,GB0005405286,GB0005405286,HSBC Holdings PLC,-14400.0,0.0,-0.0,HKD,1997000.064
2026-02-19,GB00BD6RF223,GB00BD6RF223,Watkin Jones PLC,579001.0,0.29220522,169187.11458522,GBP,0.0
2026-02-19,HK0000127412,HK0000127412,CSOP ETF - CSOP FTSE China A50 ETF,-52600.0,0.0,-0.0,HKD,790578.0
2026-02-19,HK0000711199,HK0000711199,ChinaAMC Hang Seng Biotech ETF,-33400.0,0.0,-0.0,HKD,520925.104
2026-02-19,HK0027032686,HK0027032686,Galaxy Entertainment Group Ltd,-9000.0,0.0,-0.0,HKD,391920.03
2026-02-19,KYG211461085,KYG211461085,Chow Tai Fook Jewellery Group Ltd,-53600.0,0.0,-0.0,HKD,765724.24
2026-02-20,BMG348041077,BMG348041077,First Pacific Co Ltd,-104000.0,0.0,-0.0,HKD,666020.16
2026-02-20,CNE1000002V2,CNE1000002V2,China Telecom Corp Ltd,-76000.0,0.0,-0.0,HKD,376960.0
2026-02-20,CNE1000003G1,CNE1000003G1,Industrial and Commercial Bank of China Ltd,-99000.0,0.0,-0.0,HKD,645480.0
2026-02-20,GB0005405286,GB0005405286,HSBC Holdings PLC,-14400.0,0.0,-0.0,HKD,1997000.064
2026-02-20,GB00BD6RF223,GB00BD6RF223,Watkin Jones PLC,742612.0,0.29595771,219781.74693852,GBP,0.0
2026-02-20,HK0000127412,HK0000127412,CSOP ETF - CSOP FTSE China A50 ETF,-52600.0,0.0,-0.0,HKD,790578.0
2026-02-20,HK0000711199,HK0000711199,ChinaAMC Hang Seng Biotech ETF,-33400.0,0.0,-0.0,HKD,520925.104
2026-02-20,HK0027032686,HK0027032686,Galaxy Entertainment Group Ltd,-9000.0,0.0,-0.0,HKD,391920.03
2026-02-20,JP3173540000,JP3173540000,"Open House Group Co., Ltd",-1700.0,0.0,-0.0,JPY,19902852.0
2026-02-20,KYG211461085,KYG211461085,Chow Tai Fook Jewellery Group Ltd,-53600.0,0.0,-0.0,HKD,765724.24
2026-02-21,BMG348041077,BMG348041077,First Pacific Co Ltd,-104000.0,0.0,-0.0,HKD,666020.16
2026-02-21,CNE1000002V2,CNE1000002V2,China Telecom Corp Ltd,-76000.0,0.0,-0.0,HKD,376960.0
2026-02-21,CNE1000003G1,CNE1000003G1,Industrial and Commercial Bank of China Ltd,-99000.0,0.0,-0.0,HKD,645480.0
2026-02-21,GB0005405286,GB0005405286,HSBC Holdings PLC,-14400.0,0.0,-0.0,HKD,1997000.064
2026-02-21,GB00BD6RF223,GB00BD6RF223,Watkin Jones PLC,742612.0,0.29595771,219781.74693852,GBP,0.0
2026-02-21,HK0000127412,HK0000127412,CSOP ETF - CSOP FTSE China A50 ETF,-52600.0,0.0,-0.0,HKD,790578.0
2026-02-21,HK0000711199,HK0000711199,ChinaAMC Hang Seng Biotech ETF,-33400.0,0.0,-0.0,HKD,520925.104
2026-02-21,HK0027032686,HK0027032686,Galaxy Entertainment Group Ltd,-9000.0,0.0,-0.0,HKD,391920.03
2026-02-21,JP3173540000,JP3173540000,"Open House Group Co., Ltd",-1700.0,0.0,-0.0,JPY,19902852.0
2026-02-21,KYG211461085,KYG211461085,Chow Tai Fook Jewellery Group Ltd,-53600.0,0.0,-0.0,HKD,765724.24
2026-02-22,BMG348041077,BMG348041077,First Pacific Co Ltd,-104000.0,0.0,-0.0,HKD,666020.16
2026-02-22,CNE1000002V2,CNE1000002V2,China Telecom Corp Ltd,-76000.0,0.0,-0.0,HKD,376960.0
2026-02-22,CNE1000003G1,CNE1000003G1,Industrial and Commercial Bank of China Ltd,-99000.0,0.0,-0.0,HKD,645480.0
2026-02-22,GB0005405286,GB0005405286,HSBC Holdings PLC,-14400.0,0.0,-0.0,HKD,1997000.064
2026-02-22,GB00BD6RF223,GB00BD6RF223,Watkin Jones PLC,742612.0,0.29595771,219781.74693852,GBP,0.0
2026-02-22,HK0000127412,HK0000127412,CSOP ETF - CSOP FTSE China A50 ETF,-52600.0,0.0,-0.0,HKD,790578.0
2026-02-22,HK0000711199,HK0000711199,ChinaAMC Hang Seng Biotech ETF,-33400.0,0.0,-0.0,HKD,520925.104
2026-02-22,HK0027032686,HK0027032686,Galaxy Entertainment Group Ltd,-9000.0,0.0,-0.0,HKD,391920.03
2026-02-22,JP3173540000,JP3173540000,"Open House Group Co., Ltd",-1700.0,0.0,-0.0,JPY,19902852.0
2026-02-22,KYG211461085,KYG211461085,Chow Tai Fook Jewellery Group Ltd,-53600.0,0.0,-0.0,HKD,765724.24
2026-02-23,BMG348041077,BMG348041077,First Pacific Co Ltd,-104000.0,0.0,-0.0,HKD,666020.16
2026-02-23,CNE1000002V2,CNE1000002V2,China Telecom Corp Ltd,-76000.0,0.0,-0.0,HKD,376960.0
2026-02-23,CNE1000003G1,CNE1000003G1,Industrial and Commercial Bank of China Ltd,-99000.0,0.0,-0.0,HKD,645480.0
2026-02-23,DE000A2NBX80,DE000A2NBX80,Instone Real Estate Group SE,6510.0,9.78,63667.8,EUR,0.0
2026-02-23,GB0005405286,GB0005405286,HSBC Holdings PLC,-14400.0,0.0,-0.0,HKD,1997000.064
2026-02-23,GB00BD6RF223,GB00BD6RF223,Watkin Jones PLC,742612.0,0.29595771,219781.74693852,GBP,0.0
2026-02-23,HK0000057395,HK0000057395,iShares Core CSI 300 ETF,-23300.0,0.0,-0.0,HKD,835846.026
2026-02-23,HK0000127412,HK0000127412,CSOP ETF - CSOP FTSE China A50 ETF,-52600.0,0.0,-0.0,HKD,790578.0
2026-02-23,HK0000711199,HK0000711199,ChinaAMC Hang Seng Biotech ETF,-33400.0,0.0,-0.0,HKD,520925.104
2026-02-23,HK0004000045,HK0004000045,The Wharf (Holdings) Ltd,-32000.0,0.0,-0.0,HKD,805080.0
2026-02-23,HK0027032686,HK0027032686,Galaxy Entertainment Group Ltd,-9000.0,0.0,-0.0,HKD,391920.03
2026-02-23,HK0688002218,HK0688002218,China Overseas Land  Investment Ltd,54500.0,14.28275,778409.875,HKD,0.0
2026-02-23,JP3173540000,JP3173540000,"Open House Group Co., Ltd",-1700.0,0.0,-0.0,JPY,19902852.0
2026-02-23,KYG2108Y1052,KYG2108Y1052,China Resources Land Ltd,24500.0,31.84,780080.0,HKD,0.0
2026-02-23,KYG211461085,KYG211461085,Chow Tai Fook Jewellery Group Ltd,-53600.0,0.0,-0.0,HKD,765724.24
2026-02-23,KYG5635P1090,KYG5635P1090,Longfor Group Holdings Limited,77500.0,10.05619,779354.725,HKD,0.0
2026-02-23,US448579AT90,US448579AT90,Hyatt Hotels Corp,-130000.0,0.0,-0.0,USD,13485810.0
2026-02-23,US58013MEZ32,US58013MEZ32,McDonald's Corp,-125000.0,0.0,-0.0,USD,12573625.0
2026-02-23,XS2057072477,XS2057072477,CK Hutchison Group Telecom Finance S.A.,-200000.0,0.0,-0.0,GBP,15907800.0
2026-02-24,BMG348041077,BMG348041077,First Pacific Co Ltd,-104000.0,0.0,-0.0,HKD,666020.16
2026-02-24,CNE1000002V2,CNE1000002V2,China Telecom Corp Ltd,-76000.0,0.0,-0.0,HKD,376960.0
2026-02-24,CNE1000003G1,CNE1000003G1,Industrial and Commercial Bank of China Ltd,-99000.0,0.0,-0.0,HKD,645480.0
2026-02-24,DE000A2NBX80,DE000A2NBX80,Instone Real Estate Group SE,6510.0,9.78,63667.8,EUR,0.0
2026-02-24,GB0005405286,GB0005405286,HSBC Holdings PLC,-14400.0,0.0,-0.0,HKD,1997000.064
2026-02-24,GB00BD6RF223,GB00BD6RF223,Watkin Jones PLC,742612.0,0.29595771,219781.74693852,GBP,0.0
2026-02-24,HK0000057395,HK0000057395,iShares Core CSI 300 ETF,-23300.0,0.0,-0.0,HKD,835846.026
2026-02-24,HK0000127412,HK0000127412,CSOP ETF - CSOP FTSE China A50 ETF,-52600.0,0.0,-0.0,HKD,790578.0
2026-02-24,HK0000711199,HK0000711199,ChinaAMC Hang Seng Biotech ETF,-33400.0,0.0,-0.0,HKD,520925.104
2026-02-24,HK0004000045,HK0004000045,The Wharf (Holdings) Ltd,-32000.0,0.0,-0.0,HKD,805080.0
2026-02-24,HK0027032686,HK0027032686,Galaxy Entertainment Group Ltd,-9000.0,0.0,-0.0,HKD,391920.03
2026-02-24,HK0688002218,HK0688002218,China Overseas Land  Investment Ltd,54500.0,14.28275,778409.875,HKD,0.0
2026-02-24,JP3173540000,JP3173540000,"Open House Group Co., Ltd",-1700.0,0.0,-0.0,JPY,19902852.0
2026-02-24,KYG2108Y1052,KYG2108Y1052,China Resources Land Ltd,24500.0,31.84,780080.0,HKD,0.0
2026-02-24,KYG211461085,KYG211461085,Chow Tai Fook Jewellery Group Ltd,-53600.0,0.0,-0.0,HKD,765724.24
2026-02-24,KYG5635P1090,KYG5635P1090,Longfor Group Holdings Limited,77500.0,10.05619,779354.725,HKD,0.0
2026-02-24,US448579AT90,US448579AT90,Hyatt Hotels Corp,-130000.0,0.0,-0.0,USD,13485810.0
2026-02-24,US58013MEZ32,US58013MEZ32,McDonald's Corp,-125000.0,0.0,-0.0,USD,12573625.0
2026-02-24,XS2057072477,XS2057072477,CK Hutchison Group Telecom Finance S.A.,-200000.0,0.0,-0.0,GBP,15907800.0
2026-02-25,BMG348041077,BMG348041077,First Pacific Co Ltd,-104000.0,0.0,-0.0,HKD,666020.16
2026-02-25,CNE1000002V2,CNE1000002V2,China Telecom Corp Ltd,-76000.0,0.0,-0.0,HKD,376960.0
2026-02-25,CNE1000003G1,CNE1000003G1,Industrial and Commercial Bank of China Ltd,-99000.0,0.0,-0.0,HKD,645480.0
2026-02-25,DE000A2NBX80,DE000A2NBX80,Instone Real Estate Group SE,6510.0,9.78,63667.8,EUR,0.0
2026-02-25,GB0005405286,GB0005405286,HSBC Holdings PLC,-14400.0,0.0,-0.0,HKD,1997000.064
2026-02-25,GB00BD6RF223,GB00BD6RF223,Watkin Jones PLC,2142612.0,0.31531409,675595.75300308,GBP,0.0
2026-02-25,HK0000057395,HK0000057395,iShares Core CSI 300 ETF,-23300.0,0.0,-0.0,HKD,835846.026
2026-02-25,HK0000127412,HK0000127412,CSOP ETF - CSOP FTSE China A50 ETF,-52600.0,0.0,-0.0,HKD,790578.0
2026-02-25,HK0000711199,HK0000711199,ChinaAMC Hang Seng Biotech ETF,-33400.0,0.0,-0.0,HKD,520925.104
2026-02-25,HK0004000045,HK0004000045,The Wharf (Holdings) Ltd,-32000.0,0.0,-0.0,HKD,805080.0
2026-02-25,HK0027032686,HK0027032686,Galaxy Entertainment Group Ltd,-9000.0,0.0,-0.0,HKD,391920.03
2026-02-25,HK0688002218,HK0688002218,China Overseas Land  Investment Ltd,54500.0,14.28275,778409.875,HKD,0.0
2026-02-25,JP3173540000,JP3173540000,"Open House Group Co., Ltd",-1700.0,0.0,-0.0,JPY,19902852.0
2026-02-25,KYG2108Y1052,KYG2108Y1052,China Resources Land Ltd,24500.0,31.84,780080.0,HKD,0.0
2026-02-25,KYG211461085,KYG211461085,Chow Tai Fook Jewellery Group Ltd,-53600.0,0.0,-0.0,HKD,765724.24
2026-02-25,KYG5635P1090,KYG5635P1090,Longfor Group Holdings Limited,77500.0,10.05619,779354.725,HKD,0.0
2026-02-25,US448579AT90,US448579AT90,Hyatt Hotels Corp,-130000.0,0.0,-0.0,USD,13485810.0
2026-02-25,US58013MEZ32,US58013MEZ32,McDonald's Corp,-125000.0,0.0,-0.0,USD,12573625.0
2026-02-25,XS2057072477,XS2057072477,CK Hutchison Group Telecom Finance S.A.,-200000.0,0.0,-0.0,GBP,15907800.0
2026-02-26,BMG348041077,BMG348041077,First Pacific Co Ltd,-104000.0,0.0,-0.0,HKD,666020.16
2026-02-26,CNE1000002V2,CNE1000002V2,China Telecom Corp Ltd,-76000.0,0.0,-0.0,HKD,376960.0
2026-02-26,CNE1000003G1,CNE1000003G1,Industrial and Commercial Bank of China Ltd,-99000.0,0.0,-0.0,HKD,645480.0
2026-02-26,DE000A2NBX80,DE000A2NBX80,Instone Real Estate Group SE,6510.0,9.78,63667.8,EUR,0.0
2026-02-26,GB0005405286,GB0005405286,HSBC Holdings PLC,-14400.0,0.0,-0.0,HKD,1997000.064
2026-02-26,GB00BD6RF223,GB00BD6RF223,Watkin Jones PLC,2144202.0,0.31531645,676102.1627229,GBP,0.0
2026-02-26,HK0000057395,HK0000057395,iShares Core CSI 300 ETF,-23300.0,0.0,-0.0,HKD,835846.026
2026-02-26,HK0000127412,HK0000127412,CSOP ETF - CSOP FTSE China A50 ETF,-52600.0,0.0,-0.0,HKD,790578.0
2026-02-26,HK0000711199,HK0000711199,ChinaAMC Hang Seng Biotech ETF,-33400.0,0.0,-0.0,HKD,520925.104
2026-02-26,HK0004000045,HK0004000045,The Wharf (Holdings) Ltd,-32000.0,0.0,-0.0,HKD,805080.0
2026-02-26,HK0027032686,HK0027032686,Galaxy Entertainment Group Ltd,-9000.0,0.0,-0.0,HKD,391920.03
2026-02-26,HK0688002218,HK0688002218,China Overseas Land  Investment Ltd,54500.0,14.28275,778409.875,HKD,0.0
2026-02-26,JP3173540000,JP3173540000,"Open House Group Co., Ltd",-1700.0,0.0,-0.0,JPY,19902852.0
2026-02-26,KYG2108Y1052,KYG2108Y1052,China Resources Land Ltd,24500.0,31.84,780080.0,HKD,0.0
2026-02-26,KYG211461085,KYG211461085,Chow Tai Fook Jewellery Group Ltd,-53600.0,0.0,-0.0,HKD,765724.24
2026-02-26,KYG5635P1090,KYG5635P1090,Longfor Group Holdings Limited,77500.0,10.05619,779354.725,HKD,0.0
2026-02-26,US448579AT90,US448579AT90,Hyatt Hotels Corp,-130000.0,0.0,-0.0,USD,13485810.0
2026-02-26,US58013MEZ32,US58013MEZ32,McDonald's Corp,-125000.0,0.0,-0.0,USD,12573625.0
2026-02-26,XS2057072477,XS2057072477,CK Hutchison Group Telecom Finance S.A.,-200000.0,0.0,-0.0,GBP,15907800.0
2026-02-27,BMG348041077,BMG348041077,First Pacific Co Ltd,-104000.0,0.0,-0.0,HKD,666020.16
2026-02-27,CNE1000002V2,CNE1000002V2,China Telecom Corp Ltd,-76000.0,0.0,-0.0,HKD,376960.0
2026-02-27,CNE1000003G1,CNE1000003G1,Industrial and Commercial Bank of China Ltd,-99000.0,0.0,-0.0,HKD,645480.0
2026-02-27,DE000A2NBX80,DE000A2NBX80,Instone Real Estate Group SE,6510.0,9.78,63667.8,EUR,0.0
2026-02-27,GB0005405286,GB0005405286,HSBC Holdings PLC,-14400.0,0.0,-0.0,HKD,1997000.064
2026-02-27,GB00BD6RF223,GB00BD6RF223,Watkin Jones PLC,2144202.0,0.31531645,676102.1627229,GBP,0.0
2026-02-27,HK0000057395,HK0000057395,iShares Core CSI 300 ETF,-23300.0,0.0,-0.0,HKD,835846.026
2026-02-27,HK0000127412,HK0000127412,CSOP ETF - CSOP FTSE China A50 ETF,-52600.0,0.0,-0.0,HKD,790578.0
2026-02-27,HK0000711199,HK0000711199,ChinaAMC Hang Seng Biotech ETF,-33400.0,0.0,-0.0,HKD,520925.104
2026-02-27,HK0004000045,HK0004000045,The Wharf (Holdings) Ltd,-32000.0,0.0,-0.0,HKD,805080.0
2026-02-27,HK0027032686,HK0027032686,Galaxy Entertainment Group Ltd,-9000.0,0.0,-0.0,HKD,391920.03
2026-02-27,HK0688002218,HK0688002218,China Overseas Land  Investment Ltd,54500.0,14.28275,778409.875,HKD,0.0
2026-02-27,JP3173540000,JP3173540000,"Open House Group Co., Ltd",-1700.0,0.0,-0.0,JPY,19902852.0
2026-02-27,KYG2108Y1052,KYG2108Y1052,China Resources Land Ltd,24500.0,31.84,780080.0,HKD,0.0
2026-02-27,KYG211461085,KYG211461085,Chow Tai Fook Jewellery Group Ltd,-53600.0,0.0,-0.0,HKD,765724.24
2026-02-27,KYG5635P1090,KYG5635P1090,Longfor Group Holdings Limited,77500.0,10.05619,779354.725,HKD,0.0
2026-02-27,US448579AT90,US448579AT90,Hyatt Hotels Corp,-130000.0,0.0,-0.0,USD,13485810.0
2026-02-27,US58013MEZ32,US58013MEZ32,McDonald's Corp,-125000.0,0.0,-0.0,USD,12573625.0
2026-02-27,XS2057072477,XS2057072477,CK Hutchison Group Telecom Finance S.A.,-200000.0,0.0,-0.0,GBP,15907800.0
2026-02-28,BMG348041077,BMG348041077,First Pacific Co Ltd,-104000.0,0.0,-0.0,HKD,666020.16
2026-02-28,CNE1000002V2,CNE1000002V2,China Telecom Corp Ltd,-76000.0,0.0,-0.0,HKD,376960.0
2026-02-28,CNE1000003G1,CNE1000003G1,Industrial and Commercial Bank of China Ltd,-99000.0,0.0,-0.0,HKD,645480.0
2026-02-28,DE000A2NBX80,DE000A2NBX80,Instone Real Estate Group SE,6510.0,9.78,63667.8,EUR,0.0
2026-02-28,GB0005405286,GB0005405286,HSBC Holdings PLC,-14400.0,0.0,-0.0,HKD,1997000.064
2026-02-28,GB00BD6RF223,GB00BD6RF223,Watkin Jones PLC,2144202.0,0.31531645,676102.1627229,GBP,0.0
2026-02-28,HK0000057395,HK0000057395,iShares Core CSI 300 ETF,-23300.0,0.0,-0.0,HKD,835846.026
2026-02-28,HK0000127412,HK0000127412,CSOP ETF - CSOP FTSE China A50 ETF,-52600.0,0.0,-0.0,HKD,790578.0
2026-02-28,HK0000711199,HK0000711199,ChinaAMC Hang Seng Biotech ETF,-33400.0,0.0,-0.0,HKD,520925.104
2026-02-28,HK0004000045,HK0004000045,The Wharf (Holdings) Ltd,-32000.0,0.0,-0.0,HKD,805080.0
2026-02-28,HK0027032686,HK0027032686,Galaxy Entertainment Group Ltd,-9000.0,0.0,-0.0,HKD,391920.03
2026-02-28,HK0688002218,HK0688002218,China Overseas Land  Investment Ltd,54500.0,14.28275,778409.875,HKD,0.0
2026-02-28,JP3173540000,JP3173540000,"Open House Group Co., Ltd",-1700.0,0.0,-0.0,JPY,19902852.0
2026-02-28,KYG2108Y1052,KYG2108Y1052,China Resources Land Ltd,24500.0,31.84,780080.0,HKD,0.0
2026-02-28,KYG211461085,KYG211461085,Chow Tai Fook Jewellery Group Ltd,-53600.0,0.0,-0.0,HKD,765724.24
2026-02-28,KYG5635P1090,KYG5635P1090,Longfor Group Holdings Limited,77500.0,10.05619,779354.725,HKD,0.0
2026-02-28,US448579AT90,US448579AT90,Hyatt Hotels Corp,-130000.0,0.0,-0.0,USD,13485810.0
2026-02-28,US58013MEZ32,US58013MEZ32,McDonald's Corp,-125000.0,0.0,-0.0,USD,12573625.0
2026-02-28,XS2057072477,XS2057072477,CK Hutchison Group Telecom Finance S.A.,-200000.0,0.0,-0.0,GBP,15907800.0
2026-03-01,BMG348041077,BMG348041077,First Pacific Co Ltd,-104000.0,0.0,-0.0,HKD,666020.16
2026-03-01,CNE1000002V2,CNE1000002V2,China Telecom Corp Ltd,-76000.0,0.0,-0.0,HKD,376960.0
2026-03-01,CNE1000003G1,CNE1000003G1,Industrial and Commercial Bank of China Ltd,-99000.0,0.0,-0.0,HKD,645480.0
2026-03-01,DE000A2NBX80,DE000A2NBX80,Instone Real Estate Group SE,6510.0,9.78,63667.8,EUR,0.0
2026-03-01,GB0005405286,GB0005405286,HSBC Holdings PLC,-14400.0,0.0,-0.0,HKD,1997000.064
2026-03-01,GB00BD6RF223,GB00BD6RF223,Watkin Jones PLC,2144202.0,0.31531645,676102.1627229,GBP,0.0
2026-03-01,HK0000057395,HK0000057395,iShares Core CSI 300 ETF,-23300.0,0.0,-0.0,HKD,835846.026
2026-03-01,HK0000127412,HK0000127412,CSOP ETF - CSOP FTSE China A50 ETF,-52600.0,0.0,-0.0,HKD,790578.0
2026-03-01,HK0000711199,HK0000711199,ChinaAMC Hang Seng Biotech ETF,-33400.0,0.0,-0.0,HKD,520925.104
2026-03-01,HK0004000045,HK0004000045,The Wharf (Holdings) Ltd,-32000.0,0.0,-0.0,HKD,805080.0
2026-03-01,HK0027032686,HK0027032686,Galaxy Entertainment Group Ltd,-9000.0,0.0,-0.0,HKD,391920.03
2026-03-01,HK0688002218,HK0688002218,China Overseas Land  Investment Ltd,54500.0,14.28275,778409.875,HKD,0.0
2026-03-01,JP3173540000,JP3173540000,"Open House Group Co., Ltd",-1700.0,0.0,-0.0,JPY,19902852.0
2026-03-01,KYG2108Y1052,KYG2108Y1052,China Resources Land Ltd,24500.0,31.84,780080.0,HKD,0.0
2026-03-01,KYG211461085,KYG211461085,Chow Tai Fook Jewellery Group Ltd,-53600.0,0.0,-0.0,HKD,765724.24
2026-03-01,KYG5635P1090,KYG5635P1090,Longfor Group Holdings Limited,77500.0,10.05619,779354.725,HKD,0.0
2026-03-01,US448579AT90,US448579AT90,Hyatt Hotels Corp,-130000.0,0.0,-0.0,USD,13485810.0
2026-03-01,US58013MEZ32,US58013MEZ32,McDonald's Corp,-125000.0,0.0,-0.0,USD,12573625.0
2026-03-01,XS2057072477,XS2057072477,CK Hutchison Group Telecom Finance S.A.,-200000.0,0.0,-0.0,GBP,15907800.0
2026-03-02,BMG348041077,BMG348041077,First Pacific Co Ltd,-104000.0,0.0,-0.0,HKD,666020.16
2026-03-02,CNE1000002V2,CNE1000002V2,China Telecom Corp Ltd,-76000.0,0.0,-0.0,HKD,376960.0
2026-03-02,CNE1000003G1,CNE1000003G1,Industrial and Commercial Bank of China Ltd,-99000.0,0.0,-0.0,HKD,645480.0
2026-03-02,DE000A2NBX80,DE000A2NBX80,Instone Real Estate Group SE,6510.0,9.78,63667.8,EUR,0.0
2026-03-02,GB0005405286,GB0005405286,HSBC Holdings PLC,-14400.0,0.0,-0.0,HKD,1997000.064
2026-03-02,GB00BD6RF223,GB00BD6RF223,Watkin Jones PLC,2144202.0,0.31531645,676102.1627229,GBP,0.0
2026-03-02,HK0000057395,HK0000057395,iShares Core CSI 300 ETF,-23300.0,0.0,-0.0,HKD,835846.026
2026-03-02,HK0000127412,HK0000127412,CSOP ETF - CSOP FTSE China A50 ETF,-52600.0,0.0,-0.0,HKD,790578.0
2026-03-02,HK0000711199,HK0000711199,ChinaAMC Hang Seng Biotech ETF,-33400.0,0.0,-0.0,HKD,520925.104
2026-03-02,HK0004000045,HK0004000045,The Wharf (Holdings) Ltd,-32000.0,0.0,-0.0,HKD,805080.0
2026-03-02,HK0027032686,HK0027032686,Galaxy Entertainment Group Ltd,-9000.0,0.0,-0.0,HKD,391920.03
2026-03-02,HK0688002218,HK0688002218,China Overseas Land  Investment Ltd,54500.0,14.28275,778409.875,HKD,0.0
2026-03-02,JP3173540000,JP3173540000,"Open House Group Co., Ltd",-1700.0,0.0,-0.0,JPY,19902852.0
2026-03-02,KYG2108Y1052,KYG2108Y1052,China Resources Land Ltd,24500.0,31.84,780080.0,HKD,0.0
2026-03-02,KYG211461085,KYG211461085,Chow Tai Fook Jewellery Group Ltd,-53600.0,0.0,-0.0,HKD,765724.24
2026-03-02,KYG5635P1090,KYG5635P1090,Longfor Group Holdings Limited,77500.0,10.05619,779354.725,HKD,0.0
2026-03-02,US448579AT90,US448579AT90,Hyatt Hotels Corp,-130000.0,0.0,-0.0,USD,13485810.0
2026-03-02,US58013MEZ32,US58013MEZ32,McDonald's Corp,-125000.0,0.0,-0.0,USD,12573625.0
2026-03-02,XS2057072477,XS2057072477,CK Hutchison Group Telecom Finance S.A.,-200000.0,0.0,-0.0,GBP,15907800.0
2026-03-03,BMG348041077,BMG348041077,First Pacific Co Ltd,-104000.0,0.0,-0.0,HKD,666020.16
2026-03-03,CNE1000002V2,CNE1000002V2,China Telecom Corp Ltd,-76000.0,0.0,-0.0,HKD,376960.0
2026-03-03,CNE1000003G1,CNE1000003G1,Industrial and Commercial Bank of China Ltd,-99000.0,0.0,-0.0,HKD,645480.0
2026-03-03,DE000A2NBX80,DE000A2NBX80,Instone Real Estate Group SE,6510.0,9.78,63667.8,EUR,0.0
2026-03-03,GB0005405286,GB0005405286,HSBC Holdings PLC,-14400.0,0.0,-0.0,HKD,1997000.064
2026-03-03,GB00BD6RF223,GB00BD6RF223,Watkin Jones PLC,2144202.0,0.31531645,676102.1627229,GBP,0.0
2026-03-03,HK0000057395,HK0000057395,iShares Core CSI 300 ETF,-23300.0,0.0,-0.0,HKD,835846.026
2026-03-03,HK0000127412,HK0000127412,CSOP ETF - CSOP FTSE China A50 ETF,-52600.0,0.0,-0.0,HKD,790578.0
2026-03-03,HK0000711199,HK0000711199,ChinaAMC Hang Seng Biotech ETF,-33400.0,0.0,-0.0,HKD,520925.104
2026-03-03,HK0004000045,HK0004000045,The Wharf (Holdings) Ltd,-32000.0,0.0,-0.0,HKD,805080.0
2026-03-03,HK0027032686,HK0027032686,Galaxy Entertainment Group Ltd,-9000.0,0.0,-0.0,HKD,391920.03
2026-03-03,HK0688002218,HK0688002218,China Overseas Land  Investment Ltd,54500.0,14.28275,778409.875,HKD,0.0
2026-03-03,JP3173540000,JP3173540000,"Open House Group Co., Ltd",-1700.0,0.0,-0.0,JPY,19902852.0
2026-03-03,KYG2108Y1052,KYG2108Y1052,China Resources Land Ltd,24500.0,31.84,780080.0,HKD,0.0
2026-03-03,KYG211461085,KYG211461085,Chow Tai Fook Jewellery Group Ltd,-53600.0,0.0,-0.0,HKD,765724.24
2026-03-03,KYG5635P1090,KYG5635P1090,Longfor Group Holdings Limited,77500.0,10.05619,779354.725,HKD,0.0
2026-03-03,US448579AT90,US448579AT90,Hyatt Hotels Corp,-130000.0,0.0,-0.0,USD,13485810.0
2026-03-03,US58013MEZ32,US58013MEZ32,McDonald's Corp,-125000.0,0.0,-0.0,USD,12573625.0
2026-03-03,XS2057072477,XS2057072477,CK Hutchison Group Telecom Finance S.A.,-200000.0,0.0,-0.0,GBP,15907800.0
2026-03-04,BMG348041077,BMG348041077,First Pacific Co Ltd,-104000.0,0.0,-0.0,HKD,666020.16
2026-03-04,CNE1000002V2,CNE1000002V2,China Telecom Corp Ltd,-76000.0,0.0,-0.0,HKD,376960.0
2026-03-04,CNE1000003G1,CNE1000003G1,Industrial and Commercial Bank of China Ltd,-99000.0,0.0,-0.0,HKD,645480.0
2026-03-04,DE000A2NBX80,DE000A2NBX80,Instone Real Estate Group SE,6510.0,9.78,63667.8,EUR,0.0
2026-03-04,GB0005405286,GB0005405286,HSBC Holdings PLC,-14400.0,0.0,-0.0,HKD,1997000.064
2026-03-04,GB00BD6RF223,GB00BD6RF223,Watkin Jones PLC,2144202.0,0.31531645,676102.1627229,GBP,0.0
2026-03-04,HK0000057395,HK0000057395,iShares Core CSI 300 ETF,-23300.0,0.0,-0.0,HKD,835846.026
2026-03-04,HK0000127412,HK0000127412,CSOP ETF - CSOP FTSE China A50 ETF,-52600.0,0.0,-0.0,HKD,790578.0
2026-03-04,HK0000711199,HK0000711199,ChinaAMC Hang Seng Biotech ETF,-33400.0,0.0,-0.0,HKD,520925.104
2026-03-04,HK0004000045,HK0004000045,The Wharf (Holdings) Ltd,-32000.0,0.0,-0.0,HKD,805080.0
2026-03-04,HK0027032686,HK0027032686,Galaxy Entertainment Group Ltd,-9000.0,0.0,-0.0,HKD,391920.03
2026-03-04,HK0688002218,HK0688002218,China Overseas Land  Investment Ltd,54500.0,14.28275,778409.875,HKD,0.0
2026-03-04,JP3173540000,JP3173540000,"Open House Group Co., Ltd",-1700.0,0.0,-0.0,JPY,19902852.0
2026-03-04,KYG2108Y1052,KYG2108Y1052,China Resources Land Ltd,24500.0,31.84,780080.0,HKD,0.0
2026-03-04,KYG211461085,KYG211461085,Chow Tai Fook Jewellery Group Ltd,-53600.0,0.0,-0.0,HKD,765724.24
2026-03-04,KYG5635P1090,KYG5635P1090,Longfor Group Holdings Limited,77500.0,10.05619,779354.725,HKD,0.0
2026-03-04,US448579AT90,US448579AT90,Hyatt Hotels Corp,-130000.0,0.0,-0.0,USD,13485810.0
2026-03-04,US58013MEZ32,US58013MEZ32,McDonald's Corp,-125000.0,0.0,-0.0,USD,12573625.0
2026-03-04,XS2057072477,XS2057072477,CK Hutchison Group Telecom Finance S.A.,-200000.0,0.0,-0.0,GBP,15907800.0
2026-03-05,BMG348041077,BMG348041077,First Pacific Co Ltd,-104000.0,0.0,-0.0,HKD,666020.16
2026-03-05,CNE1000002V2,CNE1000002V2,China Telecom Corp Ltd,-76000.0,0.0,-0.0,HKD,376960.0
2026-03-05,CNE1000003G1,CNE1000003G1,Industrial and Commercial Bank of China Ltd,-99000.0,0.0,-0.0,HKD,645480.0
2026-03-05,DE000A2NBX80,DE000A2NBX80,Instone Real Estate Group SE,6510.0,9.78,63667.8,EUR,0.0
2026-03-05,GB0005405286,GB0005405286,HSBC Holdings PLC,-14400.0,0.0,-0.0,HKD,1997000.064
2026-03-05,GB00BD6RF223,GB00BD6RF223,Watkin Jones PLC,2144202.0,0.31531645,676102.1627229,GBP,0.0
2026-03-05,HK0000057395,HK0000057395,iShares Core CSI 300 ETF,-23300.0,0.0,-0.0,HKD,835846.026
2026-03-05,HK0000127412,HK0000127412,CSOP ETF - CSOP FTSE China A50 ETF,-52600.0,0.0,-0.0,HKD,790578.0
2026-03-05,HK0000711199,HK0000711199,ChinaAMC Hang Seng Biotech ETF,-33400.0,0.0,-0.0,HKD,520925.104
2026-03-05,HK0004000045,HK0004000045,The Wharf (Holdings) Ltd,-32000.0,0.0,-0.0,HKD,805080.0
2026-03-05,HK0027032686,HK0027032686,Galaxy Entertainment Group Ltd,-9000.0,0.0,-0.0,HKD,391920.03
2026-03-05,HK0688002218,HK0688002218,China Overseas Land  Investment Ltd,54500.0,14.28275,778409.875,HKD,0.0
2026-03-05,JP3173540000,JP3173540000,"Open House Group Co., Ltd",-1700.0,0.0,-0.0,JPY,19902852.0
2026-03-05,KYG2108Y1052,KYG2108Y1052,China Resources Land Ltd,24500.0,31.84,780080.0,HKD,0.0
2026-03-05,KYG211461085,KYG211461085,Chow Tai Fook Jewellery Group Ltd,-53600.0,0.0,-0.0,HKD,765724.24
2026-03-05,KYG5635P1090,KYG5635P1090,Longfor Group Holdings Limited,77500.0,10.05619,779354.725,HKD,0.0
2026-03-05,US448579AT90,US448579AT90,Hyatt Hotels Corp,-130000.0,0.0,-0.0,USD,13485810.0
2026-03-05,US58013MEZ32,US58013MEZ32,McDonald's Corp,-125000.0,0.0,-0.0,USD,12573625.0
2026-03-05,XS2057072477,XS2057072477,CK Hutchison Group Telecom Finance S.A.,-200000.0,0.0,-0.0,GBP,15907800.0
2026-03-06,BMG348041077,BMG348041077,First Pacific Co Ltd,-104000.0,0.0,-0.0,HKD,666020.16
2026-03-06,CNE1000002V2,CNE1000002V2,China Telecom Corp Ltd,-76000.0,0.0,-0.0,HKD,376960.0
2026-03-06,CNE1000003G1,CNE1000003G1,Industrial and Commercial Bank of China Ltd,-99000.0,0.0,-0.0,HKD,645480.0
2026-03-06,DE000A2NBX80,DE000A2NBX80,Instone Real Estate Group SE,6510.0,9.78,63667.8,EUR,0.0
2026-03-06,GB0005405286,GB0005405286,HSBC Holdings PLC,-14400.0,0.0,-0.0,HKD,1997000.064
2026-03-06,GB00BD6RF223,GB00BD6RF223,Watkin Jones PLC,2144202.0,0.31531645,676102.1627229,GBP,0.0
2026-03-06,HK0000057395,HK0000057395,iShares Core CSI 300 ETF,-23300.0,0.0,-0.0,HKD,835846.026
2026-03-06,HK0000127412,HK0000127412,CSOP ETF - CSOP FTSE China A50 ETF,-52600.0,0.0,-0.0,HKD,790578.0
2026-03-06,HK0000711199,HK0000711199,ChinaAMC Hang Seng Biotech ETF,-33400.0,0.0,-0.0,HKD,520925.104
2026-03-06,HK0004000045,HK0004000045,The Wharf (Holdings) Ltd,-32000.0,0.0,-0.0,HKD,805080.0
2026-03-06,HK0027032686,HK0027032686,Galaxy Entertainment Group Ltd,-9000.0,0.0,-0.0,HKD,391920.03
2026-03-06,HK0688002218,HK0688002218,China Overseas Land  Investment Ltd,54500.0,14.28275,778409.875,HKD,0.0
2026-03-06,JP3173540000,JP3173540000,"Open House Group Co., Ltd",-1700.0,0.0,-0.0,JPY,19902852.0
2026-03-06,KYG2108Y1052,KYG2108Y1052,China Resources Land Ltd,24500.0,31.84,780080.0,HKD,0.0
2026-03-06,KYG211461085,KYG211461085,Chow Tai Fook Jewellery Group Ltd,-53600.0,0.0,-0.0,HKD,765724.24
2026-03-06,KYG5635P1090,KYG5635P1090,Longfor Group Holdings Limited,77500.0,10.05619,779354.725,HKD,0.0
2026-03-06,US448579AT90,US448579AT90,Hyatt Hotels Corp,-130000.0,0.0,-0.0,USD,13485810.0
2026-03-06,US58013MEZ32,US58013MEZ32,McDonald's Corp,-125000.0,0.0,-0.0,USD,12573625.0
2026-03-06,XS2057072477,XS2057072477,CK Hutchison Group Telecom Finance S.A.,-200000.0,0.0,-0.0,GBP,15907800.0
2026-03-07,BMG348041077,BMG348041077,First Pacific Co Ltd,-104000.0,0.0,-0.0,HKD,666020.16
2026-03-07,CNE1000002V2,CNE1000002V2,China Telecom Corp Ltd,-76000.0,0.0,-0.0,HKD,376960.0
2026-03-07,CNE1000003G1,CNE1000003G1,Industrial and Commercial Bank of China Ltd,-99000.0,0.0,-0.0,HKD,645480.0
2026-03-07,DE000A2NBX80,DE000A2NBX80,Instone Real Estate Group SE,6510.0,9.78,63667.8,EUR,0.0
2026-03-07,GB0005405286,GB0005405286,HSBC Holdings PLC,-14400.0,0.0,-0.0,HKD,1997000.064
2026-03-07,GB00BD6RF223,GB00BD6RF223,Watkin Jones PLC,2144202.0,0.31531645,676102.1627229,GBP,0.0
2026-03-07,HK0000057395,HK0000057395,iShares Core CSI 300 ETF,-23300.0,0.0,-0.0,HKD,835846.026
2026-03-07,HK0000127412,HK0000127412,CSOP ETF - CSOP FTSE China A50 ETF,-52600.0,0.0,-0.0,HKD,790578.0
2026-03-07,HK0000711199,HK0000711199,ChinaAMC Hang Seng Biotech ETF,-33400.0,0.0,-0.0,HKD,520925.104
2026-03-07,HK0004000045,HK0004000045,The Wharf (Holdings) Ltd,-32000.0,0.0,-0.0,HKD,805080.0
2026-03-07,HK0027032686,HK0027032686,Galaxy Entertainment Group Ltd,-9000.0,0.0,-0.0,HKD,391920.03
2026-03-07,HK0688002218,HK0688002218,China Overseas Land  Investment Ltd,54500.0,14.28275,778409.875,HKD,0.0
2026-03-07,JP3173540000,JP3173540000,"Open House Group Co., Ltd",-1700.0,0.0,-0.0,JPY,19902852.0
2026-03-07,KYG2108Y1052,KYG2108Y1052,China Resources Land Ltd,24500.0,31.84,780080.0,HKD,0.0
2026-03-07,KYG211461085,KYG211461085,Chow Tai Fook Jewellery Group Ltd,-53600.0,0.0,-0.0,HKD,765724.24
2026-03-07,KYG5635P1090,KYG5635P1090,Longfor Group Holdings Limited,77500.0,10.05619,779354.725,HKD,0.0
2026-03-07,US448579AT90,US448579AT90,Hyatt Hotels Corp,-130000.0,0.0,-0.0,USD,13485810.0
2026-03-07,US58013MEZ32,US58013MEZ32,McDonald's Corp,-125000.0,0.0,-0.0,USD,12573625.0
2026-03-07,XS2057072477,XS2057072477,CK Hutchison Group Telecom Finance S.A.,-200000.0,0.0,-0.0,GBP,15907800.0
2026-03-08,BMG348041077,BMG348041077,First Pacific Co Ltd,-104000.0,0.0,-0.0,HKD,666020.16
2026-03-08,CNE1000002V2,CNE1000002V2,China Telecom Corp Ltd,-76000.0,0.0,-0.0,HKD,376960.0
2026-03-08,CNE1000003G1,CNE1000003G1,Industrial and Commercial Bank of China Ltd,-99000.0,0.0,-0.0,HKD,645480.0
2026-03-08,DE000A2NBX80,DE000A2NBX80,Instone Real Estate Group SE,6510.0,9.78,63667.8,EUR,0.0
2026-03-08,GB0005405286,GB0005405286,HSBC Holdings PLC,-14400.0,0.0,-0.0,HKD,1997000.064
2026-03-08,GB00BD6RF223,GB00BD6RF223,Watkin Jones PLC,2144202.0,0.31531645,676102.1627229,GBP,0.0
2026-03-08,HK0000057395,HK0000057395,iShares Core CSI 300 ETF,-23300.0,0.0,-0.0,HKD,835846.026
2026-03-08,HK0000127412,HK0000127412,CSOP ETF - CSOP FTSE China A50 ETF,-52600.0,0.0,-0.0,HKD,790578.0
2026-03-08,HK0000711199,HK0000711199,ChinaAMC Hang Seng Biotech ETF,-33400.0,0.0,-0.0,HKD,520925.104
2026-03-08,HK0004000045,HK0004000045,The Wharf (Holdings) Ltd,-32000.0,0.0,-0.0,HKD,805080.0
2026-03-08,HK0027032686,HK0027032686,Galaxy Entertainment Group Ltd,-9000.0,0.0,-0.0,HKD,391920.03
2026-03-08,HK0688002218,HK0688002218,China Overseas Land  Investment Ltd,54500.0,14.28275,778409.875,HKD,0.0
2026-03-08,JP3173540000,JP3173540000,"Open House Group Co., Ltd",-1700.0,0.0,-0.0,JPY,19902852.0
2026-03-08,KYG2108Y1052,KYG2108Y1052,China Resources Land Ltd,24500.0,31.84,780080.0,HKD,0.0
2026-03-08,KYG211461085,KYG211461085,Chow Tai Fook Jewellery Group Ltd,-53600.0,0.0,-0.0,HKD,765724.24
2026-03-08,KYG5635P1090,KYG5635P1090,Longfor Group Holdings Limited,77500.0,10.05619,779354.725,HKD,0.0
2026-03-08,US448579AT90,US448579AT90,Hyatt Hotels Corp,-130000.0,0.0,-0.0,USD,13485810.0
2026-03-08,US58013MEZ32,US58013MEZ32,McDonald's Corp,-125000.0,0.0,-0.0,USD,12573625.0
2026-03-08,XS2057072477,XS2057072477,CK Hutchison Group Telecom Finance S.A.,-200000.0,0.0,-0.0,GBP,15907800.0
2026-03-09,BMG348041077,BMG348041077,First Pacific Co Ltd,-104000.0,0.0,-0.0,HKD,666020.16
2026-03-09,CNE1000002V2,CNE1000002V2,China Telecom Corp Ltd,-76000.0,0.0,-0.0,HKD,376960.0
2026-03-09,CNE1000003G1,CNE1000003G1,Industrial and Commercial Bank of China Ltd,-99000.0,0.0,-0.0,HKD,645480.0
2026-03-09,DE000A2NBX80,DE000A2NBX80,Instone Real Estate Group SE,6510.0,9.78,63667.8,EUR,0.0
2026-03-09,GB0005405286,GB0005405286,HSBC Holdings PLC,-14400.0,0.0,-0.0,HKD,1997000.064
2026-03-09,GB00BD6RF223,GB00BD6RF223,Watkin Jones PLC,2144202.0,0.31531645,676102.1627229,GBP,0.0
2026-03-09,HK0000057395,HK0000057395,iShares Core CSI 300 ETF,-23300.0,0.0,-0.0,HKD,835846.026
2026-03-09,HK0000127412,HK0000127412,CSOP ETF - CSOP FTSE China A50 ETF,-52600.0,0.0,-0.0,HKD,790578.0
2026-03-09,HK0000711199,HK0000711199,ChinaAMC Hang Seng Biotech ETF,-33400.0,0.0,-0.0,HKD,520925.104
2026-03-09,HK0004000045,HK0004000045,The Wharf (Holdings) Ltd,-32000.0,0.0,-0.0,HKD,805080.0
2026-03-09,HK0027032686,HK0027032686,Galaxy Entertainment Group Ltd,-9000.0,0.0,-0.0,HKD,391920.03
2026-03-09,HK0688002218,HK0688002218,China Overseas Land  Investment Ltd,54500.0,14.28275,778409.875,HKD,0.0
2026-03-09,JP3173540000,JP3173540000,"Open House Group Co., Ltd",-1700.0,0.0,-0.0,JPY,19902852.0
2026-03-09,KYG2108Y1052,KYG2108Y1052,China Resources Land Ltd,24500.0,31.84,780080.0,HKD,0.0
2026-03-09,KYG211461085,KYG211461085,Chow Tai Fook Jewellery Group Ltd,-53600.0,0.0,-0.0,HKD,765724.24
2026-03-09,KYG5635P1090,KYG5635P1090,Longfor Group Holdings Limited,77500.0,10.05619,779354.725,HKD,0.0
2026-03-09,US448579AT90,US448579AT90,Hyatt Hotels Corp,-130000.0,0.0,-0.0,USD,13485810.0
2026-03-09,US58013MEZ32,US58013MEZ32,McDonald's Corp,-125000.0,0.0,-0.0,USD,12573625.0
2026-03-09,XS2057072477,XS2057072477,CK Hutchison Group Telecom Finance S.A.,-200000.0,0.0,-0.0,GBP,15907800.0
2026-03-10,BMG348041077,BMG348041077,First Pacific Co Ltd,-104000.0,0.0,-0.0,HKD,666020.16
2026-03-10,CNE1000002V2,CNE1000002V2,China Telecom Corp Ltd,-76000.0,0.0,-0.0,HKD,376960.0
2026-03-10,CNE1000003G1,CNE1000003G1,Industrial and Commercial Bank of China Ltd,-99000.0,0.0,-0.0,HKD,645480.0
2026-03-10,DE000A2NBX80,DE000A2NBX80,Instone Real Estate Group SE,6510.0,9.78,63667.8,EUR,0.0
2026-03-10,GB0005405286,GB0005405286,HSBC Holdings PLC,-14400.0,0.0,-0.0,HKD,1997000.064
2026-03-10,GB00BD6RF223,GB00BD6RF223,Watkin Jones PLC,2144202.0,0.31531645,676102.1627229,GBP,0.0
2026-03-10,HK0000057395,HK0000057395,iShares Core CSI 300 ETF,-23300.0,0.0,-0.0,HKD,835846.026
2026-03-10,HK0000127412,HK0000127412,CSOP ETF - CSOP FTSE China A50 ETF,-52600.0,0.0,-0.0,HKD,790578.0
2026-03-10,HK0000711199,HK0000711199,ChinaAMC Hang Seng Biotech ETF,-33400.0,0.0,-0.0,HKD,520925.104
2026-03-10,HK0004000045,HK0004000045,The Wharf (Holdings) Ltd,-32000.0,0.0,-0.0,HKD,805080.0
2026-03-10,HK0027032686,HK0027032686,Galaxy Entertainment Group Ltd,-9000.0,0.0,-0.0,HKD,391920.03
2026-03-10,HK0688002218,HK0688002218,China Overseas Land  Investment Ltd,54500.0,14.28275,778409.875,HKD,0.0
2026-03-10,JP3173540000,JP3173540000,"Open House Group Co., Ltd",-1700.0,0.0,-0.0,JPY,19902852.0
2026-03-10,KYG2108Y1052,KYG2108Y1052,China Resources Land Ltd,24500.0,31.84,780080.0,HKD,0.0
2026-03-10,KYG211461085,KYG211461085,Chow Tai Fook Jewellery Group Ltd,-53600.0,0.0,-0.0,HKD,765724.24
2026-03-10,KYG5635P1090,KYG5635P1090,Longfor Group Holdings Limited,77500.0,10.05619,779354.725,HKD,0.0
2026-03-10,US448579AT90,US448579AT90,Hyatt Hotels Corp,-130000.0,0.0,-0.0,USD,13485810.0
2026-03-10,US58013MEZ32,US58013MEZ32,McDonald's Corp,-125000.0,0.0,-0.0,USD,12573625.0
2026-03-10,XS2057072477,XS2057072477,CK Hutchison Group Telecom Finance S.A.,-200000.0,0.0,-0.0,GBP,15907800.0
2026-03-11,BMG348041077,BMG348041077,First Pacific Co Ltd,-104000.0,0.0,-0.0,HKD,666020.16
2026-03-11,CNE1000002V2,CNE1000002V2,China Telecom Corp Ltd,-76000.0,0.0,-0.0,HKD,376960.0
2026-03-11,CNE1000003G1,CNE1000003G1,Industrial and Commercial Bank of China Ltd,-99000.0,0.0,-0.0,HKD,645480.0
2026-03-11,DE000A2NBX80,DE000A2NBX80,Instone Real Estate Group SE,6510.0,9.78,63667.8,EUR,0.0
2026-03-11,GB0005405286,GB0005405286,HSBC Holdings PLC,-14400.0,0.0,-0.0,HKD,1997000.064
2026-03-11,GB00BD6RF223,GB00BD6RF223,Watkin Jones PLC,2144202.0,0.31531645,676102.1627229,GBP,0.0
2026-03-11,HK0000057395,HK0000057395,iShares Core CSI 300 ETF,-23300.0,0.0,-0.0,HKD,835846.026
2026-03-11,HK0000127412,HK0000127412,CSOP ETF - CSOP FTSE China A50 ETF,-52600.0,0.0,-0.0,HKD,790578.0
2026-03-11,HK0000711199,HK0000711199,ChinaAMC Hang Seng Biotech ETF,-33400.0,0.0,-0.0,HKD,520925.104
2026-03-11,HK0004000045,HK0004000045,The Wharf (Holdings) Ltd,-32000.0,0.0,-0.0,HKD,805080.0
2026-03-11,HK0027032686,HK0027032686,Galaxy Entertainment Group Ltd,-9000.0,0.0,-0.0,HKD,391920.03
2026-03-11,HK0688002218,HK0688002218,China Overseas Land  Investment Ltd,54500.0,14.28275,778409.875,HKD,0.0
2026-03-11,JP3173540000,JP3173540000,"Open House Group Co., Ltd",-1700.0,0.0,-0.0,JPY,19902852.0
2026-03-11,KYG2108Y1052,KYG2108Y1052,China Resources Land Ltd,24500.0,31.84,780080.0,HKD,0.0
2026-03-11,KYG211461085,KYG211461085,Chow Tai Fook Jewellery Group Ltd,-53600.0,0.0,-0.0,HKD,765724.24
2026-03-11,KYG5635P1090,KYG5635P1090,Longfor Group Holdings Limited,77500.0,10.05619,779354.725,HKD,0.0
2026-03-11,US448579AT90,US448579AT90,Hyatt Hotels Corp,-130000.0,0.0,-0.0,USD,13485810.0
2026-03-11,US58013MEZ32,US58013MEZ32,McDonald's Corp,-125000.0,0.0,-0.0,USD,12573625.0
2026-03-11,XS2057072477,XS2057072477,CK Hutchison Group Telecom Finance S.A.,-200000.0,0.0,-0.0,GBP,15907800.0
2026-03-12,BMG348041077,BMG348041077,First Pacific Co Ltd,-104000.0,0.0,-0.0,HKD,666020.16
2026-03-12,CNE1000002V2,CNE1000002V2,China Telecom Corp Ltd,-76000.0,0.0,-0.0,HKD,376960.0
2026-03-12,CNE1000003G1,CNE1000003G1,Industrial and Commercial Bank of China Ltd,-99000.0,0.0,-0.0,HKD,645480.0
2026-03-12,DE000A2NBX80,DE000A2NBX80,Instone Real Estate Group SE,6510.0,9.78,63667.8,EUR,0.0
2026-03-12,GB0005405286,GB0005405286,HSBC Holdings PLC,-14400.0,0.0,-0.0,HKD,1997000.064
2026-03-12,GB00BD6RF223,GB00BD6RF223,Watkin Jones PLC,2144202.0,0.31531645,676102.1627229,GBP,0.0
2026-03-12,HK0000057395,HK0000057395,iShares Core CSI 300 ETF,-23300.0,0.0,-0.0,HKD,835846.026
2026-03-12,HK0000127412,HK0000127412,CSOP ETF - CSOP FTSE China A50 ETF,-52600.0,0.0,-0.0,HKD,790578.0
2026-03-12,HK0000711199,HK0000711199,ChinaAMC Hang Seng Biotech ETF,-33400.0,0.0,-0.0,HKD,520925.104
2026-03-12,HK0004000045,HK0004000045,The Wharf (Holdings) Ltd,-32000.0,0.0,-0.0,HKD,805080.0
2026-03-12,HK0027032686,HK0027032686,Galaxy Entertainment Group Ltd,-9000.0,0.0,-0.0,HKD,391920.03
2026-03-12,HK0688002218,HK0688002218,China Overseas Land  Investment Ltd,54500.0,14.28275,778409.875,HKD,0.0
2026-03-12,JP3173540000,JP3173540000,"Open House Group Co., Ltd",-1700.0,0.0,-0.0,JPY,19902852.0
2026-03-12,KYG2108Y1052,KYG2108Y1052,China Resources Land Ltd,24500.0,31.84,780080.0,HKD,0.0
2026-03-12,KYG211461085,KYG211461085,Chow Tai Fook Jewellery Group Ltd,-53600.0,0.0,-0.0,HKD,765724.24
2026-03-12,KYG5635P1090,KYG5635P1090,Longfor Group Holdings Limited,77500.0,10.05619,779354.725,HKD,0.0
2026-03-12,US448579AT90,US448579AT90,Hyatt Hotels Corp,-130000.0,0.0,-0.0,USD,13485810.0
2026-03-12,US58013MEZ32,US58013MEZ32,McDonald's Corp,-125000.0,0.0,-0.0,USD,12573625.0
2026-03-12,XS2057072477,XS2057072477,CK Hutchison Group Telecom Finance S.A.,-200000.0,0.0,-0.0,GBP,15907800.0
2026-03-13,BMG348041077,BMG348041077,First Pacific Co Ltd,-104000.0,0.0,-0.0,HKD,666020.16
2026-03-13,CNE1000002V2,CNE1000002V2,China Telecom Corp Ltd,-76000.0,0.0,-0.0,HKD,376960.0
2026-03-13,CNE1000003G1,CNE1000003G1,Industrial and Commercial Bank of China Ltd,-99000.0,0.0,-0.0,HKD,645480.0
2026-03-13,DE000A2NBX80,DE000A2NBX80,Instone Real Estate Group SE,6510.0,9.78,63667.8,EUR,0.0
2026-03-13,GB0005405286,GB0005405286,HSBC Holdings PLC,-14400.0,0.0,-0.0,HKD,1997000.064
2026-03-13,GB00BD6RF223,GB00BD6RF223,Watkin Jones PLC,2144202.0,0.31531645,676102.1627229,GBP,0.0
2026-03-13,HK0000057395,HK0000057395,iShares Core CSI 300 ETF,-23300.0,0.0,-0.0,HKD,835846.026
2026-03-13,HK0000127412,HK0000127412,CSOP ETF - CSOP FTSE China A50 ETF,-52600.0,0.0,-0.0,HKD,790578.0
2026-03-13,HK0000711199,HK0000711199,ChinaAMC Hang Seng Biotech ETF,-33400.0,0.0,-0.0,HKD,520925.104
2026-03-13,HK0004000045,HK0004000045,The Wharf (Holdings) Ltd,-32000.0,0.0,-0.0,HKD,805080.0
2026-03-13,HK0027032686,HK0027032686,Galaxy Entertainment Group Ltd,-9000.0,0.0,-0.0,HKD,391920.03
2026-03-13,HK0688002218,HK0688002218,China Overseas Land  Investment Ltd,54500.0,14.28275,778409.875,HKD,0.0
2026-03-13,JP3173540000,JP3173540000,"Open House Group Co., Ltd",-1700.0,0.0,-0.0,JPY,19902852.0
2026-03-13,KYG2108Y1052,KYG2108Y1052,China Resources Land Ltd,24500.0,31.84,780080.0,HKD,0.0
2026-03-13,KYG211461085,KYG211461085,Chow Tai Fook Jewellery Group Ltd,-53600.0,0.0,-0.0,HKD,765724.24
2026-03-13,KYG5635P1090,KYG5635P1090,Longfor Group Holdings Limited,77500.0,10.05619,779354.725,HKD,0.0
2026-03-13,US448579AT90,US448579AT90,Hyatt Hotels Corp,-130000.0,0.0,-0.0,USD,13485810.0
2026-03-13,US58013MEZ32,US58013MEZ32,McDonald's Corp,-125000.0,0.0,-0.0,USD,12573625.0
2026-03-13,XS2057072477,XS2057072477,CK Hutchison Group Telecom Finance S.A.,-200000.0,0.0,-0.0,GBP,15907800.0
2026-03-14,BMG348041077,BMG348041077,First Pacific Co Ltd,-104000.0,0.0,-0.0,HKD,666020.16
2026-03-14,CNE1000002V2,CNE1000002V2,China Telecom Corp Ltd,-76000.0,0.0,-0.0,HKD,376960.0
2026-03-14,CNE1000003G1,CNE1000003G1,Industrial and Commercial Bank of China Ltd,-99000.0,0.0,-0.0,HKD,645480.0
2026-03-14,DE000A2NBX80,DE000A2NBX80,Instone Real Estate Group SE,6510.0,9.78,63667.8,EUR,0.0
2026-03-14,GB0005405286,GB0005405286,HSBC Holdings PLC,-14400.0,0.0,-0.0,HKD,1997000.064
2026-03-14,GB00BD6RF223,GB00BD6RF223,Watkin Jones PLC,2144202.0,0.31531645,676102.1627229,GBP,0.0
2026-03-14,HK0000057395,HK0000057395,iShares Core CSI 300 ETF,-23300.0,0.0,-0.0,HKD,835846.026
2026-03-14,HK0000127412,HK0000127412,CSOP ETF - CSOP FTSE China A50 ETF,-52600.0,0.0,-0.0,HKD,790578.0
2026-03-14,HK0000711199,HK0000711199,ChinaAMC Hang Seng Biotech ETF,-33400.0,0.0,-0.0,HKD,520925.104
2026-03-14,HK0004000045,HK0004000045,The Wharf (Holdings) Ltd,-32000.0,0.0,-0.0,HKD,805080.0
2026-03-14,HK0027032686,HK0027032686,Galaxy Entertainment Group Ltd,-9000.0,0.0,-0.0,HKD,391920.03
2026-03-14,HK0688002218,HK0688002218,China Overseas Land  Investment Ltd,54500.0,14.28275,778409.875,HKD,0.0
2026-03-14,JP3173540000,JP3173540000,"Open House Group Co., Ltd",-1700.0,0.0,-0.0,JPY,19902852.0
2026-03-14,KYG2108Y1052,KYG2108Y1052,China Resources Land Ltd,24500.0,31.84,780080.0,HKD,0.0
2026-03-14,KYG211461085,KYG211461085,Chow Tai Fook Jewellery Group Ltd,-53600.0,0.0,-0.0,HKD,765724.24
2026-03-14,KYG5635P1090,KYG5635P1090,Longfor Group Holdings Limited,77500.0,10.05619,779354.725,HKD,0.0
2026-03-14,US448579AT90,US448579AT90,Hyatt Hotels Corp,-130000.0,0.0,-0.0,USD,13485810.0
2026-03-14,US58013MEZ32,US58013MEZ32,McDonald's Corp,-125000.0,0.0,-0.0,USD,12573625.0
2026-03-14,XS2057072477,XS2057072477,CK Hutchison Group Telecom Finance S.A.,-200000.0,0.0,-0.0,GBP,15907800.0
2026-03-15,BMG348041077,BMG348041077,First Pacific Co Ltd,-104000.0,0.0,-0.0,HKD,666020.16
2026-03-15,CNE1000002V2,CNE1000002V2,China Telecom Corp Ltd,-76000.0,0.0,-0.0,HKD,376960.0
2026-03-15,CNE1000003G1,CNE1000003G1,Industrial and Commercial Bank of China Ltd,-99000.0,0.0,-0.0,HKD,645480.0
2026-03-15,DE000A2NBX80,DE000A2NBX80,Instone Real Estate Group SE,6510.0,9.78,63667.8,EUR,0.0
2026-03-15,GB0005405286,GB0005405286,HSBC Holdings PLC,-14400.0,0.0,-0.0,HKD,1997000.064
2026-03-15,GB00BD6RF223,GB00BD6RF223,Watkin Jones PLC,2144202.0,0.31531645,676102.1627229,GBP,0.0
2026-03-15,HK0000057395,HK0000057395,iShares Core CSI 300 ETF,-23300.0,0.0,-0.0,HKD,835846.026
2026-03-15,HK0000127412,HK0000127412,CSOP ETF - CSOP FTSE China A50 ETF,-52600.0,0.0,-0.0,HKD,790578.0
2026-03-15,HK0000711199,HK0000711199,ChinaAMC Hang Seng Biotech ETF,-33400.0,0.0,-0.0,HKD,520925.104
2026-03-15,HK0004000045,HK0004000045,The Wharf (Holdings) Ltd,-32000.0,0.0,-0.0,HKD,805080.0
2026-03-15,HK0027032686,HK0027032686,Galaxy Entertainment Group Ltd,-9000.0,0.0,-0.0,HKD,391920.03
2026-03-15,HK0688002218,HK0688002218,China Overseas Land  Investment Ltd,54500.0,14.28275,778409.875,HKD,0.0
2026-03-15,JP3173540000,JP3173540000,"Open House Group Co., Ltd",-1700.0,0.0,-0.0,JPY,19902852.0
2026-03-15,KYG2108Y1052,KYG2108Y1052,China Resources Land Ltd,24500.0,31.84,780080.0,HKD,0.0
2026-03-15,KYG211461085,KYG211461085,Chow Tai Fook Jewellery Group Ltd,-53600.0,0.0,-0.0,HKD,765724.24
2026-03-15,KYG5635P1090,KYG5635P1090,Longfor Group Holdings Limited,77500.0,10.05619,779354.725,HKD,0.0
2026-03-15,US448579AT90,US448579AT90,Hyatt Hotels Corp,-130000.0,0.0,-0.0,USD,13485810.0
2026-03-15,US58013MEZ32,US58013MEZ32,McDonald's Corp,-125000.0,0.0,-0.0,USD,12573625.0
2026-03-15,XS2057072477,XS2057072477,CK Hutchison Group Telecom Finance S.A.,-200000.0,0.0,-0.0,GBP,15907800.0
2026-03-16,BMG348041077,BMG348041077,First Pacific Co Ltd,-104000.0,0.0,-0.0,HKD,666020.16
2026-03-16,CNE1000002V2,CNE1000002V2,China Telecom Corp Ltd,-76000.0,0.0,-0.0,HKD,376960.0
2026-03-16,CNE1000003G1,CNE1000003G1,Industrial and Commercial Bank of China Ltd,-99000.0,0.0,-0.0,HKD,645480.0
2026-03-16,DE000A2NBX80,DE000A2NBX80,Instone Real Estate Group SE,6510.0,9.78,63667.8,EUR,0.0
2026-03-16,GB0005405286,GB0005405286,HSBC Holdings PLC,-14400.0,0.0,-0.0,HKD,1997000.064
2026-03-16,GB00BD6RF223,GB00BD6RF223,Watkin Jones PLC,2144202.0,0.31531645,676102.1627229,GBP,0.0
2026-03-16,HK0000057395,HK0000057395,iShares Core CSI 300 ETF,-23300.0,0.0,-0.0,HKD,835846.026
2026-03-16,HK0000127412,HK0000127412,CSOP ETF - CSOP FTSE China A50 ETF,-52600.0,0.0,-0.0,HKD,790578.0
2026-03-16,HK0000711199,HK0000711199,ChinaAMC Hang Seng Biotech ETF,-33400.0,0.0,-0.0,HKD,520925.104
2026-03-16,HK0004000045,HK0004000045,The Wharf (Holdings) Ltd,-32000.0,0.0,-0.0,HKD,805080.0
2026-03-16,HK0027032686,HK0027032686,Galaxy Entertainment Group Ltd,-9000.0,0.0,-0.0,HKD,391920.03
2026-03-16,HK0688002218,HK0688002218,China Overseas Land  Investment Ltd,54500.0,14.28275,778409.875,HKD,0.0
2026-03-16,JP3173540000,JP3173540000,"Open House Group Co., Ltd",-1700.0,0.0,-0.0,JPY,19902852.0
2026-03-16,KYG2108Y1052,KYG2108Y1052,China Resources Land Ltd,24500.0,31.84,780080.0,HKD,0.0
2026-03-16,KYG211461085,KYG211461085,Chow Tai Fook Jewellery Group Ltd,-53600.0,0.0,-0.0,HKD,765724.24
2026-03-16,KYG5635P1090,KYG5635P1090,Longfor Group Holdings Limited,77500.0,10.05619,779354.725,HKD,0.0
2026-03-16,US448579AT90,US448579AT90,Hyatt Hotels Corp,-130000.0,0.0,-0.0,USD,13485810.0
2026-03-16,US58013MEZ32,US58013MEZ32,McDonald's Corp,-125000.0,0.0,-0.0,USD,12573625.0
2026-03-16,XS2057072477,XS2057072477,CK Hutchison Group Telecom Finance S.A.,-200000.0,0.0,-0.0,GBP,15907800.0
2026-03-17,BMG348041077,BMG348041077,First Pacific Co Ltd,-104000.0,0.0,-0.0,HKD,666020.16
2026-03-17,CNE1000002V2,CNE1000002V2,China Telecom Corp Ltd,-76000.0,0.0,-0.0,HKD,376960.0
2026-03-17,CNE1000003G1,CNE1000003G1,Industrial and Commercial Bank of China Ltd,-99000.0,0.0,-0.0,HKD,645480.0
2026-03-17,DE000A2NBX80,DE000A2NBX80,Instone Real Estate Group SE,6510.0,9.78,63667.8,EUR,0.0
2026-03-17,GB0005405286,GB0005405286,HSBC Holdings PLC,-14400.0,0.0,-0.0,HKD,1997000.064
2026-03-17,GB00BD6RF223,GB00BD6RF223,Watkin Jones PLC,2144202.0,0.31531645,676102.1627229,GBP,0.0
2026-03-17,HK0000057395,HK0000057395,iShares Core CSI 300 ETF,-23300.0,0.0,-0.0,HKD,835846.026
2026-03-17,HK0000127412,HK0000127412,CSOP ETF - CSOP FTSE China A50 ETF,-52600.0,0.0,-0.0,HKD,790578.0
2026-03-17,HK0000711199,HK0000711199,ChinaAMC Hang Seng Biotech ETF,-33400.0,0.0,-0.0,HKD,520925.104
2026-03-17,HK0004000045,HK0004000045,The Wharf (Holdings) Ltd,-32000.0,0.0,-0.0,HKD,805080.0
2026-03-17,HK0027032686,HK0027032686,Galaxy Entertainment Group Ltd,-9000.0,0.0,-0.0,HKD,391920.03
2026-03-17,HK0688002218,HK0688002218,China Overseas Land  Investment Ltd,54500.0,14.28275,778409.875,HKD,0.0
2026-03-17,JP3173540000,JP3173540000,"Open House Group Co., Ltd",-1700.0,0.0,-0.0,JPY,19902852.0
2026-03-17,KYG2108Y1052,KYG2108Y1052,China Resources Land Ltd,24500.0,31.84,780080.0,HKD,0.0
2026-03-17,KYG211461085,KYG211461085,Chow Tai Fook Jewellery Group Ltd,-53600.0,0.0,-0.0,HKD,765724.24
2026-03-17,KYG5635P1090,KYG5635P1090,Longfor Group Holdings Limited,77500.0,10.05619,779354.725,HKD,0.0
2026-03-17,US448579AT90,US448579AT90,Hyatt Hotels Corp,-130000.0,0.0,-0.0,USD,13485810.0
2026-03-17,US58013MEZ32,US58013MEZ32,McDonald's Corp,-125000.0,0.0,-0.0,USD,12573625.0
2026-03-17,XS2057072477,XS2057072477,CK Hutchison Group Telecom Finance S.A.,-200000.0,0.0,-0.0,GBP,15907800.0
2026-03-18,BMG348041077,BMG348041077,First Pacific Co Ltd,-104000.0,0.0,-0.0,HKD,666020.16
2026-03-18,CNE1000002V2,CNE1000002V2,China Telecom Corp Ltd,-76000.0,0.0,-0.0,HKD,376960.0
2026-03-18,CNE1000003G1,CNE1000003G1,Industrial and Commercial Bank of China Ltd,-99000.0,0.0,-0.0,HKD,645480.0
2026-03-18,DE000A2NBX80,DE000A2NBX80,Instone Real Estate Group SE,6510.0,9.78,63667.8,EUR,0.0
2026-03-18,GB0005405286,GB0005405286,HSBC Holdings PLC,-14400.0,0.0,-0.0,HKD,1997000.064
2026-03-18,GB00BD6RF223,GB00BD6RF223,Watkin Jones PLC,2144202.0,0.31531645,676102.1627229,GBP,0.0
2026-03-18,HK0000057395,HK0000057395,iShares Core CSI 300 ETF,-23300.0,0.0,-0.0,HKD,835846.026
2026-03-18,HK0000127412,HK0000127412,CSOP ETF - CSOP FTSE China A50 ETF,-52600.0,0.0,-0.0,HKD,790578.0
2026-03-18,HK0000711199,HK0000711199,ChinaAMC Hang Seng Biotech ETF,-33400.0,0.0,-0.0,HKD,520925.104
2026-03-18,HK0004000045,HK0004000045,The Wharf (Holdings) Ltd,-32000.0,0.0,-0.0,HKD,805080.0
2026-03-18,HK0027032686,HK0027032686,Galaxy Entertainment Group Ltd,-9000.0,0.0,-0.0,HKD,391920.03
2026-03-18,HK0688002218,HK0688002218,China Overseas Land  Investment Ltd,54500.0,14.28275,778409.875,HKD,0.0
2026-03-18,JP3173540000,JP3173540000,"Open House Group Co., Ltd",-1700.0,0.0,-0.0,JPY,19902852.0
2026-03-18,KYG2108Y1052,KYG2108Y1052,China Resources Land Ltd,24500.0,31.84,780080.0,HKD,0.0
2026-03-18,KYG211461085,KYG211461085,Chow Tai Fook Jewellery Group Ltd,-53600.0,0.0,-0.0,HKD,765724.24
2026-03-18,KYG5635P1090,KYG5635P1090,Longfor Group Holdings Limited,77500.0,10.05619,779354.725,HKD,0.0
2026-03-18,US448579AT90,US448579AT90,Hyatt Hotels Corp,-130000.0,0.0,-0.0,USD,13485810.0
2026-03-18,US58013MEZ32,US58013MEZ32,McDonald's Corp,-125000.0,0.0,-0.0,USD,12573625.0
2026-03-18,XS2057072477,XS2057072477,CK Hutchison Group Telecom Finance S.A.,-200000.0,0.0,-0.0,GBP,15907800.0
2026-03-19,BMG348041077,BMG348041077,First Pacific Co Ltd,-104000.0,0.0,-0.0,HKD,666020.16
2026-03-19,CNE1000002V2,CNE1000002V2,China Telecom Corp Ltd,-76000.0,0.0,-0.0,HKD,376960.0
2026-03-19,CNE1000003G1,CNE1000003G1,Industrial and Commercial Bank of China Ltd,-99000.0,0.0,-0.0,HKD,645480.0
2026-03-19,DE000A2NBX80,DE000A2NBX80,Instone Real Estate Group SE,6510.0,9.78,63667.8,EUR,0.0
2026-03-19,GB0005405286,GB0005405286,HSBC Holdings PLC,-14400.0,0.0,-0.0,HKD,1997000.064
2026-03-19,GB00BD6RF223,GB00BD6RF223,Watkin Jones PLC,2144202.0,0.31531645,676102.1627229,GBP,0.0
2026-03-19,HK0000057395,HK0000057395,iShares Core CSI 300 ETF,-23300.0,0.0,-0.0,HKD,835846.026
2026-03-19,HK0000127412,HK0000127412,CSOP ETF - CSOP FTSE China A50 ETF,-52600.0,0.0,-0.0,HKD,790578.0
2026-03-19,HK0000711199,HK0000711199,ChinaAMC Hang Seng Biotech ETF,-33400.0,0.0,-0.0,HKD,520925.104
2026-03-19,HK0004000045,HK0004000045,The Wharf (Holdings) Ltd,-32000.0,0.0,-0.0,HKD,805080.0
2026-03-19,HK0027032686,HK0027032686,Galaxy Entertainment Group Ltd,-9000.0,0.0,-0.0,HKD,391920.03
2026-03-19,HK0688002218,HK0688002218,China Overseas Land  Investment Ltd,54500.0,14.28275,778409.875,HKD,0.0
2026-03-19,JP3173540000,JP3173540000,"Open House Group Co., Ltd",-1700.0,0.0,-0.0,JPY,19902852.0
2026-03-19,KYG2108Y1052,KYG2108Y1052,China Resources Land Ltd,24500.0,31.84,780080.0,HKD,0.0
2026-03-19,KYG211461085,KYG211461085,Chow Tai Fook Jewellery Group Ltd,-53600.0,0.0,-0.0,HKD,765724.24
2026-03-19,KYG5635P1090,KYG5635P1090,Longfor Group Holdings Limited,77500.0,10.05619,779354.725,HKD,0.0
2026-03-19,US448579AT90,US448579AT90,Hyatt Hotels Corp,-130000.0,0.0,-0.0,USD,13485810.0
2026-03-19,US58013MEZ32,US58013MEZ32,McDonald's Corp,-125000.0,0.0,-0.0,USD,12573625.0
2026-03-19,XS2057072477,XS2057072477,CK Hutchison Group Telecom Finance S.A.,-200000.0,0.0,-0.0,GBP,15907800.0
2026-03-20,BMG348041077,BMG348041077,First Pacific Co Ltd,-104000.0,0.0,-0.0,HKD,666020.16
2026-03-20,CNE1000002V2,CNE1000002V2,China Telecom Corp Ltd,-76000.0,0.0,-0.0,HKD,376960.0
2026-03-20,CNE1000003G1,CNE1000003G1,Industrial and Commercial Bank of China Ltd,-99000.0,0.0,-0.0,HKD,645480.0
2026-03-20,DE000A2NBX80,DE000A2NBX80,Instone Real Estate Group SE,6510.0,9.78,63667.8,EUR,0.0
2026-03-20,GB0005405286,GB0005405286,HSBC Holdings PLC,-14400.0,0.0,-0.0,HKD,1997000.064
2026-03-20,GB00BD6RF223,GB00BD6RF223,Watkin Jones PLC,2144202.0,0.31531645,676102.1627229,GBP,0.0
2026-03-20,HK0000057395,HK0000057395,iShares Core CSI 300 ETF,-23300.0,0.0,-0.0,HKD,835846.026
2026-03-20,HK0000127412,HK0000127412,CSOP ETF - CSOP FTSE China A50 ETF,-52600.0,0.0,-0.0,HKD,790578.0
2026-03-20,HK0000711199,HK0000711199,ChinaAMC Hang Seng Biotech ETF,-33400.0,0.0,-0.0,HKD,520925.104
2026-03-20,HK0004000045,HK0004000045,The Wharf (Holdings) Ltd,-32000.0,0.0,-0.0,HKD,805080.0
2026-03-20,HK0027032686,HK0027032686,Galaxy Entertainment Group Ltd,-9000.0,0.0,-0.0,HKD,391920.03
2026-03-20,HK0688002218,HK0688002218,China Overseas Land  Investment Ltd,54500.0,14.28275,778409.875,HKD,0.0
2026-03-20,JP3173540000,JP3173540000,"Open House Group Co., Ltd",-1700.0,0.0,-0.0,JPY,19902852.0
2026-03-20,KYG2108Y1052,KYG2108Y1052,China Resources Land Ltd,24500.0,31.84,780080.0,HKD,0.0
2026-03-20,KYG211461085,KYG211461085,Chow Tai Fook Jewellery Group Ltd,-53600.0,0.0,-0.0,HKD,765724.24
2026-03-20,KYG5635P1090,KYG5635P1090,Longfor Group Holdings Limited,77500.0,10.05619,779354.725,HKD,0.0
2026-03-20,US448579AT90,US448579AT90,Hyatt Hotels Corp,-130000.0,0.0,-0.0,USD,13485810.0
2026-03-20,US58013MEZ32,US58013MEZ32,McDonald's Corp,-125000.0,0.0,-0.0,USD,12573625.0
2026-03-20,XS2057072477,XS2057072477,CK Hutchison Group Telecom Finance S.A.,-200000.0,0.0,-0.0,GBP,15907800.0
2026-03-21,BMG348041077,BMG348041077,First Pacific Co Ltd,-104000.0,0.0,-0.0,HKD,666020.16
2026-03-21,CNE1000002V2,CNE1000002V2,China Telecom Corp Ltd,-76000.0,0.0,-0.0,HKD,376960.0
2026-03-21,CNE1000003G1,CNE1000003G1,Industrial and Commercial Bank of China Ltd,-99000.0,0.0,-0.0,HKD,645480.0
2026-03-21,DE000A2NBX80,DE000A2NBX80,Instone Real Estate Group SE,6510.0,9.78,63667.8,EUR,0.0
2026-03-21,GB0005405286,GB0005405286,HSBC Holdings PLC,-14400.0,0.0,-0.0,HKD,1997000.064
2026-03-21,GB00BD6RF223,GB00BD6RF223,Watkin Jones PLC,2144202.0,0.31531645,676102.1627229,GBP,0.0
2026-03-21,HK0000057395,HK0000057395,iShares Core CSI 300 ETF,-23300.0,0.0,-0.0,HKD,835846.026
2026-03-21,HK0000127412,HK0000127412,CSOP ETF - CSOP FTSE China A50 ETF,-52600.0,0.0,-0.0,HKD,790578.0
2026-03-21,HK0000711199,HK0000711199,ChinaAMC Hang Seng Biotech ETF,-33400.0,0.0,-0.0,HKD,520925.104
2026-03-21,HK0004000045,HK0004000045,The Wharf (Holdings) Ltd,-32000.0,0.0,-0.0,HKD,805080.0
2026-03-21,HK0027032686,HK0027032686,Galaxy Entertainment Group Ltd,-9000.0,0.0,-0.0,HKD,391920.03
2026-03-21,HK0688002218,HK0688002218,China Overseas Land  Investment Ltd,54500.0,14.28275,778409.875,HKD,0.0
2026-03-21,JP3173540000,JP3173540000,"Open House Group Co., Ltd",-1700.0,0.0,-0.0,JPY,19902852.0
2026-03-21,KYG2108Y1052,KYG2108Y1052,China Resources Land Ltd,24500.0,31.84,780080.0,HKD,0.0
2026-03-21,KYG211461085,KYG211461085,Chow Tai Fook Jewellery Group Ltd,-53600.0,0.0,-0.0,HKD,765724.24
2026-03-21,KYG5635P1090,KYG5635P1090,Longfor Group Holdings Limited,77500.0,10.05619,779354.725,HKD,0.0
2026-03-21,US448579AT90,US448579AT90,Hyatt Hotels Corp,-130000.0,0.0,-0.0,USD,13485810.0
2026-03-21,US58013MEZ32,US58013MEZ32,McDonald's Corp,-125000.0,0.0,-0.0,USD,12573625.0
2026-03-21,XS2057072477,XS2057072477,CK Hutchison Group Telecom Finance S.A.,-200000.0,0.0,-0.0,GBP,15907800.0
2026-03-22,BMG348041077,BMG348041077,First Pacific Co Ltd,-104000.0,0.0,-0.0,HKD,666020.16
2026-03-22,CNE1000002V2,CNE1000002V2,China Telecom Corp Ltd,-76000.0,0.0,-0.0,HKD,376960.0
2026-03-22,CNE1000003G1,CNE1000003G1,Industrial and Commercial Bank of China Ltd,-99000.0,0.0,-0.0,HKD,645480.0
2026-03-22,DE000A2NBX80,DE000A2NBX80,Instone Real Estate Group SE,6510.0,9.78,63667.8,EUR,0.0
2026-03-22,GB0005405286,GB0005405286,HSBC Holdings PLC,-14400.0,0.0,-0.0,HKD,1997000.064
2026-03-22,GB00BD6RF223,GB00BD6RF223,Watkin Jones PLC,2144202.0,0.31531645,676102.1627229,GBP,0.0
2026-03-22,HK0000057395,HK0000057395,iShares Core CSI 300 ETF,-23300.0,0.0,-0.0,HKD,835846.026
2026-03-22,HK0000127412,HK0000127412,CSOP ETF - CSOP FTSE China A50 ETF,-52600.0,0.0,-0.0,HKD,790578.0
2026-03-22,HK0000711199,HK0000711199,ChinaAMC Hang Seng Biotech ETF,-33400.0,0.0,-0.0,HKD,520925.104
2026-03-22,HK0004000045,HK0004000045,The Wharf (Holdings) Ltd,-32000.0,0.0,-0.0,HKD,805080.0
2026-03-22,HK0027032686,HK0027032686,Galaxy Entertainment Group Ltd,-9000.0,0.0,-0.0,HKD,391920.03
2026-03-22,HK0688002218,HK0688002218,China Overseas Land  Investment Ltd,54500.0,14.28275,778409.875,HKD,0.0
2026-03-22,JP3173540000,JP3173540000,"Open House Group Co., Ltd",-1700.0,0.0,-0.0,JPY,19902852.0
2026-03-22,KYG2108Y1052,KYG2108Y1052,China Resources Land Ltd,24500.0,31.84,780080.0,HKD,0.0
2026-03-22,KYG211461085,KYG211461085,Chow Tai Fook Jewellery Group Ltd,-53600.0,0.0,-0.0,HKD,765724.24
2026-03-22,KYG5635P1090,KYG5635P1090,Longfor Group Holdings Limited,77500.0,10.05619,779354.725,HKD,0.0
2026-03-22,US448579AT90,US448579AT90,Hyatt Hotels Corp,-130000.0,0.0,-0.0,USD,13485810.0
2026-03-22,US58013MEZ32,US58013MEZ32,McDonald's Corp,-125000.0,0.0,-0.0,USD,12573625.0
2026-03-22,XS2057072477,XS2057072477,CK Hutchison Group Telecom Finance S.A.,-200000.0,0.0,-0.0,GBP,15907800.0
2026-03-23,BMG348041077,BMG348041077,First Pacific Co Ltd,-104000.0,0.0,-0.0,HKD,666020.16
2026-03-23,CNE1000002V2,CNE1000002V2,China Telecom Corp Ltd,-76000.0,0.0,-0.0,HKD,376960.0
2026-03-23,CNE1000003G1,CNE1000003G1,Industrial and Commercial Bank of China Ltd,-99000.0,0.0,-0.0,HKD,645480.0
2026-03-23,DE000A2NBX80,DE000A2NBX80,Instone Real Estate Group SE,6510.0,9.78,63667.8,EUR,0.0
2026-03-23,GB0005405286,GB0005405286,HSBC Holdings PLC,-14400.0,0.0,-0.0,HKD,1997000.064
2026-03-23,GB00BD6RF223,GB00BD6RF223,Watkin Jones PLC,2144202.0,0.31531645,676102.1627229,GBP,0.0
2026-03-23,HK0000057395,HK0000057395,iShares Core CSI 300 ETF,-23300.0,0.0,-0.0,HKD,835846.026
2026-03-23,HK0000127412,HK0000127412,CSOP ETF - CSOP FTSE China A50 ETF,-52600.0,0.0,-0.0,HKD,790578.0
2026-03-23,HK0000711199,HK0000711199,ChinaAMC Hang Seng Biotech ETF,-33400.0,0.0,-0.0,HKD,520925.104
2026-03-23,HK0004000045,HK0004000045,The Wharf (Holdings) Ltd,-32000.0,0.0,-0.0,HKD,805080.0
2026-03-23,HK0027032686,HK0027032686,Galaxy Entertainment Group Ltd,-9000.0,0.0,-0.0,HKD,391920.03
2026-03-23,HK0688002218,HK0688002218,China Overseas Land  Investment Ltd,54500.0,14.28275,778409.875,HKD,0.0
2026-03-23,JP3173540000,JP3173540000,"Open House Group Co., Ltd",-1700.0,0.0,-0.0,JPY,19902852.0
2026-03-23,KYG2108Y1052,KYG2108Y1052,China Resources Land Ltd,24500.0,31.84,780080.0,HKD,0.0
2026-03-23,KYG211461085,KYG211461085,Chow Tai Fook Jewellery Group Ltd,-53600.0,0.0,-0.0,HKD,765724.24
2026-03-23,KYG5635P1090,KYG5635P1090,Longfor Group Holdings Limited,77500.0,10.05619,779354.725,HKD,0.0
2026-03-23,US448579AT90,US448579AT90,Hyatt Hotels Corp,-130000.0,0.0,-0.0,USD,13485810.0
2026-03-23,US58013MEZ32,US58013MEZ32,McDonald's Corp,-125000.0,0.0,-0.0,USD,12573625.0
2026-03-23,XS2057072477,XS2057072477,CK Hutchison Group Telecom Finance S.A.,-200000.0,0.0,-0.0,GBP,15907800.0
2026-03-24,BMG348041077,BMG348041077,First Pacific Co Ltd,-104000.0,0.0,-0.0,HKD,666020.16
2026-03-24,CNE1000002V2,CNE1000002V2,China Telecom Corp Ltd,-76000.0,0.0,-0.0,HKD,376960.0
2026-03-24,CNE1000003G1,CNE1000003G1,Industrial and Commercial Bank of China Ltd,-99000.0,0.0,-0.0,HKD,645480.0
2026-03-24,DE000A2NBX80,DE000A2NBX80,Instone Real Estate Group SE,6510.0,9.78,63667.8,EUR,0.0
2026-03-24,GB0005405286,GB0005405286,HSBC Holdings PLC,-14400.0,0.0,-0.0,HKD,1997000.064
2026-03-24,GB00BD6RF223,GB00BD6RF223,Watkin Jones PLC,2144202.0,0.31531645,676102.1627229,GBP,0.0
2026-03-24,HK0000057395,HK0000057395,iShares Core CSI 300 ETF,-23300.0,0.0,-0.0,HKD,835846.026
2026-03-24,HK0000127412,HK0000127412,CSOP ETF - CSOP FTSE China A50 ETF,-52600.0,0.0,-0.0,HKD,790578.0
2026-03-24,HK0000711199,HK0000711199,ChinaAMC Hang Seng Biotech ETF,-33400.0,0.0,-0.0,HKD,520925.104
2026-03-24,HK0004000045,HK0004000045,The Wharf (Holdings) Ltd,-32000.0,0.0,-0.0,HKD,805080.0
2026-03-24,HK0027032686,HK0027032686,Galaxy Entertainment Group Ltd,-9000.0,0.0,-0.0,HKD,391920.03
2026-03-24,HK0688002218,HK0688002218,China Overseas Land  Investment Ltd,54500.0,14.28275,778409.875,HKD,0.0
2026-03-24,JP3173540000,JP3173540000,"Open House Group Co., Ltd",-1700.0,0.0,-0.0,JPY,19902852.0
2026-03-24,KYG2108Y1052,KYG2108Y1052,China Resources Land Ltd,24500.0,31.84,780080.0,HKD,0.0
2026-03-24,KYG211461085,KYG211461085,Chow Tai Fook Jewellery Group Ltd,-53600.0,0.0,-0.0,HKD,765724.24
2026-03-24,KYG5635P1090,KYG5635P1090,Longfor Group Holdings Limited,77500.0,10.05619,779354.725,HKD,0.0
2026-03-24,US448579AT90,US448579AT90,Hyatt Hotels Corp,-130000.0,0.0,-0.0,USD,13485810.0
2026-03-24,US58013MEZ32,US58013MEZ32,McDonald's Corp,-125000.0,0.0,-0.0,USD,12573625.0
2026-03-24,XS2057072477,XS2057072477,CK Hutchison Group Telecom Finance S.A.,-200000.0,0.0,-0.0,GBP,15907800.0
2026-03-25,BMG348041077,BMG348041077,First Pacific Co Ltd,-104000.0,0.0,-0.0,HKD,666020.16
2026-03-25,CNE1000002V2,CNE1000002V2,China Telecom Corp Ltd,-76000.0,0.0,-0.0,HKD,376960.0
2026-03-25,CNE1000003G1,CNE1000003G1,Industrial and Commercial Bank of China Ltd,-99000.0,0.0,-0.0,HKD,645480.0
2026-03-25,DE000A2NBX80,DE000A2NBX80,Instone Real Estate Group SE,6510.0,9.78,63667.8,EUR,0.0
2026-03-25,GB0005405286,GB0005405286,HSBC Holdings PLC,-14400.0,0.0,-0.0,HKD,1997000.064
2026-03-25,GB00BD6RF223,GB00BD6RF223,Watkin Jones PLC,2144202.0,0.31531645,676102.1627229,GBP,0.0
2026-03-25,HK0000057395,HK0000057395,iShares Core CSI 300 ETF,-23300.0,0.0,-0.0,HKD,835846.026
2026-03-25,HK0000127412,HK0000127412,CSOP ETF - CSOP FTSE China A50 ETF,-52600.0,0.0,-0.0,HKD,790578.0
2026-03-25,HK0000711199,HK0000711199,ChinaAMC Hang Seng Biotech ETF,-33400.0,0.0,-0.0,HKD,520925.104
2026-03-25,HK0004000045,HK0004000045,The Wharf (Holdings) Ltd,-32000.0,0.0,-0.0,HKD,805080.0
2026-03-25,HK0027032686,HK0027032686,Galaxy Entertainment Group Ltd,-9000.0,0.0,-0.0,HKD,391920.03
2026-03-25,HK0688002218,HK0688002218,China Overseas Land  Investment Ltd,54500.0,14.28275,778409.875,HKD,0.0
2026-03-25,JP3173540000,JP3173540000,"Open House Group Co., Ltd",-1700.0,0.0,-0.0,JPY,19902852.0
2026-03-25,KYG2108Y1052,KYG2108Y1052,China Resources Land Ltd,24500.0,31.84,780080.0,HKD,0.0
2026-03-25,KYG211461085,KYG211461085,Chow Tai Fook Jewellery Group Ltd,-53600.0,0.0,-0.0,HKD,765724.24
2026-03-25,KYG5635P1090,KYG5635P1090,Longfor Group Holdings Limited,77500.0,10.05619,779354.725,HKD,0.0
2026-03-25,US448579AT90,US448579AT90,Hyatt Hotels Corp,-130000.0,0.0,-0.0,USD,13485810.0
2026-03-25,US58013MEZ32,US58013MEZ32,McDonald's Corp,-125000.0,0.0,-0.0,USD,12573625.0
2026-03-25,XS2057072477,XS2057072477,CK Hutchison Group Telecom Finance S.A.,-200000.0,0.0,-0.0,GBP,15907800.0
2026-03-26,BMG348041077,BMG348041077,First Pacific Co Ltd,-104000.0,0.0,-0.0,HKD,666020.16
2026-03-26,CNE1000002V2,CNE1000002V2,China Telecom Corp Ltd,-76000.0,0.0,-0.0,HKD,376960.0
2026-03-26,CNE1000003G1,CNE1000003G1,Industrial and Commercial Bank of China Ltd,-99000.0,0.0,-0.0,HKD,645480.0
2026-03-26,DE000A2NBX80,DE000A2NBX80,Instone Real Estate Group SE,6510.0,9.78,63667.8,EUR,0.0
2026-03-26,GB0005405286,GB0005405286,HSBC Holdings PLC,-14400.0,0.0,-0.0,HKD,1997000.064
2026-03-26,GB00BD6RF223,GB00BD6RF223,Watkin Jones PLC,2144202.0,0.31531645,676102.1627229,GBP,0.0
2026-03-26,HK0000057395,HK0000057395,iShares Core CSI 300 ETF,-23300.0,0.0,-0.0,HKD,835846.026
2026-03-26,HK0000127412,HK0000127412,CSOP ETF - CSOP FTSE China A50 ETF,-52600.0,0.0,-0.0,HKD,790578.0
2026-03-26,HK0000711199,HK0000711199,ChinaAMC Hang Seng Biotech ETF,-33400.0,0.0,-0.0,HKD,520925.104
2026-03-26,HK0004000045,HK0004000045,The Wharf (Holdings) Ltd,-32000.0,0.0,-0.0,HKD,805080.0
2026-03-26,HK0027032686,HK0027032686,Galaxy Entertainment Group Ltd,-9000.0,0.0,-0.0,HKD,391920.03
2026-03-26,HK0688002218,HK0688002218,China Overseas Land  Investment Ltd,54500.0,14.28275,778409.875,HKD,0.0
2026-03-26,JP3173540000,JP3173540000,"Open House Group Co., Ltd",-1700.0,0.0,-0.0,JPY,19902852.0
2026-03-26,KYG2108Y1052,KYG2108Y1052,China Resources Land Ltd,24500.0,31.84,780080.0,HKD,0.0
2026-03-26,KYG211461085,KYG211461085,Chow Tai Fook Jewellery Group Ltd,-53600.0,0.0,-0.0,HKD,765724.24
2026-03-26,KYG5635P1090,KYG5635P1090,Longfor Group Holdings Limited,77500.0,10.05619,779354.725,HKD,0.0
2026-03-26,US448579AT90,US448579AT90,Hyatt Hotels Corp,-130000.0,0.0,-0.0,USD,13485810.0
2026-03-26,US58013MEZ32,US58013MEZ32,McDonald's Corp,-125000.0,0.0,-0.0,USD,12573625.0
2026-03-26,XS2057072477,XS2057072477,CK Hutchison Group Telecom Finance S.A.,-200000.0,0.0,-0.0,GBP,15907800.0
2026-03-27,BMG348041077,BMG348041077,First Pacific Co Ltd,-104000.0,0.0,-0.0,HKD,666020.16
2026-03-27,CNE1000002V2,CNE1000002V2,China Telecom Corp Ltd,-76000.0,0.0,-0.0,HKD,376960.0
2026-03-27,CNE1000003G1,CNE1000003G1,Industrial and Commercial Bank of China Ltd,-99000.0,0.0,-0.0,HKD,645480.0
2026-03-27,DE000A2NBX80,DE000A2NBX80,Instone Real Estate Group SE,6510.0,9.78,63667.8,EUR,0.0
2026-03-27,GB0005405286,GB0005405286,HSBC Holdings PLC,-14400.0,0.0,-0.0,HKD,1997000.064
2026-03-27,GB00BD6RF223,GB00BD6RF223,Watkin Jones PLC,2144202.0,0.31531645,676102.1627229,GBP,0.0
2026-03-27,HK0000057395,HK0000057395,iShares Core CSI 300 ETF,-23300.0,0.0,-0.0,HKD,835846.026
2026-03-27,HK0000127412,HK0000127412,CSOP ETF - CSOP FTSE China A50 ETF,-52600.0,0.0,-0.0,HKD,790578.0
2026-03-27,HK0000711199,HK0000711199,ChinaAMC Hang Seng Biotech ETF,-33400.0,0.0,-0.0,HKD,520925.104
2026-03-27,HK0004000045,HK0004000045,The Wharf (Holdings) Ltd,-32000.0,0.0,-0.0,HKD,805080.0
2026-03-27,HK0027032686,HK0027032686,Galaxy Entertainment Group Ltd,-9000.0,0.0,-0.0,HKD,391920.03
2026-03-27,HK0688002218,HK0688002218,China Overseas Land  Investment Ltd,54500.0,14.28275,778409.875,HKD,0.0
2026-03-27,JP3173540000,JP3173540000,"Open House Group Co., Ltd",-1700.0,0.0,-0.0,JPY,19902852.0
2026-03-27,KYG2108Y1052,KYG2108Y1052,China Resources Land Ltd,24500.0,31.84,780080.0,HKD,0.0
2026-03-27,KYG211461085,KYG211461085,Chow Tai Fook Jewellery Group Ltd,-53600.0,0.0,-0.0,HKD,765724.24
2026-03-27,KYG5635P1090,KYG5635P1090,Longfor Group Holdings Limited,77500.0,10.05619,779354.725,HKD,0.0
2026-03-27,US448579AT90,US448579AT90,Hyatt Hotels Corp,-130000.0,0.0,-0.0,USD,13485810.0
2026-03-27,US58013MEZ32,US58013MEZ32,McDonald's Corp,-125000.0,0.0,-0.0,USD,12573625.0
2026-03-27,XS2057072477,XS2057072477,CK Hutchison Group Telecom Finance S.A.,-200000.0,0.0,-0.0,GBP,15907800.0
