date,portfolio,scope,nav_usd,daily_net_cf_usd,daily_return_twr,cumulative_twr,mtd_return,qtd_return,ytd_return,itd_return,irr_annualized
2025-01-01,FGI,equity_sub,2228235.2872097,-2192365.04758702,,0.0,0.0,0.0,0.0,0.0,0.3165614429
2025-01-02,FGI,equity_sub,2191114.92593386,0.0,-0.0166590851,-0.0166590851,-0.0166590851,-0.0166590851,-0.0166590851,-0.0166590851,0.3165614429
2025-01-03,FGI,equity_sub,2192952.13577327,0.0,0.0008384817,-0.0158345717,-0.0158345717,-0.0158345717,-0.0158345717,-0.0158345717,0.3165614429
2025-01-04,FGI,equity_sub,2192952.13577327,0.0,0.0,-0.0158345717,-0.0158345717,-0.0158345717,-0.0158345717,-0.0158345717,0.3165614429
2025-01-05,FGI,equity_sub,2192952.13577327,0.0,0.0,-0.0158345717,-0.0158345717,-0.0158345717,-0.0158345717,-0.0158345717,0.3165614429
2025-01-06,FGI,equity_sub,2189409.2034153,0.0,-0.0016155995,-0.0174245889,-0.0174245889,-0.0174245889,-0.0174245889,-0.0174245889,0.3165614429
2025-01-07,FGI,equity_sub,2155772.64411884,0.0,-0.0153633041,-0.0325201937,-0.0325201937,-0.0325201937,-0.0325201937,-0.0325201937,0.3165614429
2025-01-08,FGI,equity_sub,2146391.40231025,0.0,-0.0043516842,-0.0367303603,-0.0367303603,-0.0367303603,-0.0367303603,-0.0367303603,0.3165614429
2025-01-09,FGI,equity_sub,2144929.62000588,0.0,-0.0006810418,-0.0373863872,-0.0373863872,-0.0373863872,-0.0373863872,-0.0373863872,0.3165614429
2025-01-10,FGI,equity_sub,2130237.77547391,0.0,-0.0068495695,-0.043979876,-0.043979876,-0.043979876,-0.043979876,-0.043979876,0.3165614429
2025-01-11,FGI,equity_sub,2130237.77547391,0.0,0.0,-0.043979876,-0.043979876,-0.043979876,-0.043979876,-0.043979876,0.3165614429
2025-01-12,FGI,equity_sub,2130237.77547391,0.0,0.0,-0.043979876,-0.043979876,-0.043979876,-0.043979876,-0.043979876,0.3165614429
2025-01-13,FGI,equity_sub,2109052.24508841,0.0,-0.0099451482,-0.0534876379,-0.0534876379,-0.0534876379,-0.0534876379,-0.0534876379,0.3165614429
2025-01-14,FGI,equity_sub,2133810.55653486,0.0,0.0117390698,-0.0423764632,-0.0423764632,-0.0423764632,-0.0423764632,-0.0423764632,0.3165614429
2025-01-15,FGI,equity_sub,2139474.72084279,0.0,0.0026544832,-0.0398344676,-0.0398344676,-0.0398344676,-0.0398344676,-0.0398344676,0.3165614429
2025-01-16,FGI,equity_sub,2162087.58094824,0.0,0.0105693514,-0.0296861407,-0.0296861407,-0.0296861407,-0.0296861407,-0.0296861407,0.3165614429
2025-01-17,FGI,equity_sub,2159190.69748443,0.0,-0.0013398548,-0.0309862204,-0.0309862204,-0.0309862204,-0.0309862204,-0.0309862204,0.3165614429
2025-01-18,FGI,equity_sub,2159190.69748443,0.0,0.0,-0.0309862204,-0.0309862204,-0.0309862204,-0.0309862204,-0.0309862204,0.3165614429
2025-01-19,FGI,equity_sub,2159190.69748443,0.0,0.0,-0.0309862204,-0.0309862204,-0.0309862204,-0.0309862204,-0.0309862204,0.3165614429
2025-01-20,FGI,equity_sub,2190389.05731669,0.0,0.0144490989,-0.0169848445,-0.0169848445,-0.0169848445,-0.0169848445,-0.0169848445,0.3165614429
2025-01-21,FGI,equity_sub,2192140.16829151,0.0,0.000799452,-0.0161989711,-0.0161989711,-0.0161989711,-0.0161989711,-0.0161989711,0.3165614429
2025-01-22,FGI,equity_sub,2172945.72193421,0.0,-0.0087560306,-0.024813163,-0.024813163,-0.024813163,-0.024813163,-0.024813163,0.3165614429
2025-01-23,FGI,equity_sub,2169496.41581798,0.0,-0.0015873871,-0.026361162,-0.026361162,-0.026361162,-0.026361162,-0.026361162,0.3165614429
2025-01-24,FGI,equity_sub,2201073.3028876,0.0,0.0145549386,-0.0121899085,-0.0121899085,-0.0121899085,-0.0121899085,-0.0121899085,0.3165614429
2025-01-25,FGI,equity_sub,2201073.3028876,0.0,0.0,-0.0121899085,-0.0121899085,-0.0121899085,-0.0121899085,-0.0121899085,0.3165614429
2025-01-26,FGI,equity_sub,2201073.3028876,0.0,0.0,-0.0121899085,-0.0121899085,-0.0121899085,-0.0121899085,-0.0121899085,0.3165614429
2025-01-27,FGI,equity_sub,2223124.50140807,0.0,0.0100183844,-0.0022936473,-0.0022936473,-0.0022936473,-0.0022936473,-0.0022936473,0.3165614429
2025-01-28,FGI,equity_sub,2229112.22746216,0.0,0.0026933831,0.0003935582,0.0003935582,0.0003935582,0.0003935582,0.0003935582,0.3165614429
2025-01-29,FGI,equity_sub,2228574.13937593,0.0,-0.0002413912,0.000152072,0.000152072,0.000152072,0.000152072,0.000152072,0.3165614429
2025-01-30,FGI,equity_sub,2227944.98859969,0.0,-0.0002823109,-0.0001302818,-0.0001302818,-0.0001302818,-0.0001302818,-0.0001302818,0.3165614429
2025-01-31,FGI,equity_sub,2228116.76346097,0.0,7.71001e-05,-5.31918e-05,-5.31918e-05,-5.31918e-05,-5.31918e-05,-5.31918e-05,0.3165614429
2025-02-01,FGI,equity_sub,2228116.76346097,0.0,0.0,-5.31918e-05,0.0,-5.31918e-05,-5.31918e-05,-5.31918e-05,0.3165614429
2025-02-02,FGI,equity_sub,2228116.76346097,0.0,0.0,-5.31918e-05,0.0,-5.31918e-05,-5.31918e-05,-5.31918e-05,0.3165614429
2025-02-03,FGI,equity_sub,2241819.66463832,0.0,0.0061499924,0.0060964735,0.0061499924,0.0060964735,0.0060964735,0.0060964735,0.3165614429
2025-02-04,FGI,equity_sub,2152277.87147512,137267.10914538,0.0212886508,0.02751491,0.0275695682,0.02751491,0.02751491,0.02751491,0.3165614429
2025-02-05,FGI,equity_sub,2134556.6358918,0.0,-0.0082337117,0.0190546484,0.0191088566,0.0190546484,0.0190546484,0.0190546484,0.3165614429
2025-02-06,FGI,equity_sub,2149057.85288009,0.0,0.0067935499,0.025977647,0.0260322235,0.025977647,0.025977647,0.025977647,0.3165614429
2025-02-07,FGI,equity_sub,2172999.06955404,0.0,0.0111403314,0.037407378,0.0374625625,0.037407378,0.037407378,0.037407378,0.3165614429
2025-02-08,FGI,equity_sub,2172999.06955404,0.0,0.0,0.037407378,0.0374625625,0.037407378,0.037407378,0.037407378,0.3165614429
2025-02-09,FGI,equity_sub,2172999.06955404,0.0,0.0,0.037407378,0.0374625625,0.037407378,0.037407378,0.037407378,0.3165614429
2025-02-10,FGI,equity_sub,2105676.90133253,109982.36182248,0.0196319429,0.0577737004,0.0578299682,0.0577737004,0.0577737004,0.0577737004,0.3165614429
2025-02-11,FGI,equity_sub,2102091.61552149,0.0,-0.0017026761,0.0559726544,0.0560288264,0.0559726544,0.0559726544,0.0559726544,0.3165614429
2025-02-12,FGI,equity_sub,2020697.51329875,138293.02090802,0.0270677635,0.0845554724,0.0846131649,0.0845554724,0.0845554724,0.0845554724,0.3165614429
2025-02-13,FGI,equity_sub,2012942.00793129,0.0,-0.0038380338,0.0803929119,0.0804503829,0.0803929119,0.0803929119,0.0803929119,0.3165614429
2025-02-14,FGI,equity_sub,2087593.45926084,0.0,0.0370857437,0.1204600864,0.1205196889,0.1204600864,0.1204600864,0.1204600864,0.3165614429
2025-02-15,FGI,equity_sub,2087593.45926084,0.0,0.0,0.1204600864,0.1205196889,0.1204600864,0.1204600864,0.1204600864,0.3165614429
2025-02-16,FGI,equity_sub,2087593.45926084,0.0,0.0,0.1204600864,0.1205196889,0.1204600864,0.1204600864,0.1204600864,0.3165614429
2025-02-17,FGI,equity_sub,2113177.52040837,0.0,0.012255289,0.1341916486,0.1342519815,0.1341916486,0.1341916486,0.1341916486,0.3165614429
2025-02-18,FGI,equity_sub,2140056.79431699,0.0,0.0127198371,0.1486183817,0.1486794819,0.1486183817,0.1486183817,0.1486183817,0.3165614429
2025-02-19,FGI,equity_sub,2132363.36067759,0.0,-0.003594967,0.1444891364,0.1445500171,0.1444891364,0.1444891364,0.1444891364,0.3165614429
2025-02-20,FGI,equity_sub,2097390.98100793,0.0,-0.01640076,0.1257186448,0.125778527,0.1257186448,0.1257186448,0.1257186448,0.3165614429
2025-02-21,FGI,equity_sub,1907857.4567714,298953.65569086,0.0521696395,0.1844469807,0.1845099869,0.1844469807,0.1844469807,0.1844469807,0.3165614429
2025-02-22,FGI,equity_sub,1907857.4567714,0.0,0.0,0.1844469807,0.1845099869,0.1844469807,0.1844469807,0.1844469807,0.3165614429
2025-02-23,FGI,equity_sub,1907857.4567714,0.0,0.0,0.1844469807,0.1845099869,0.1844469807,0.1844469807,0.1844469807,0.3165614429
2025-02-24,FGI,equity_sub,1865198.6976174,0.0,-0.0223595107,0.1579633258,0.1580249232,0.1579633258,0.1579633258,0.1579633258,0.3165614429
2025-02-25,FGI,equity_sub,1834411.90024134,0.0,-0.0165059076,0.1388500902,0.1389106708,0.1388500902,0.1388500902,0.1388500902,0.3165614429
2025-02-26,FGI,equity_sub,1865714.12496621,0.0,0.0170639019,0.1582833164,0.1583449308,0.1582833164,0.1582833164,0.1582833164,0.3165614429
2025-02-27,FGI,equity_sub,1860551.46277203,0.0,-0.0027671239,0.1550782029,0.1551396468,0.1550782029,0.1550782029,0.1550782029,0.3165614429
2025-02-28,FGI,equity_sub,2019549.83377782,-201110.7323872,-0.0226343438,0.1289337658,0.128993819,0.1289337658,0.1289337658,0.1289337658,0.3165614429
2025-03-01,FGI,equity_sub,2019549.83377782,0.0,0.0,0.1289337658,0.0,0.1289337658,0.1289337658,0.1289337658,0.3165614429
2025-03-02,FGI,equity_sub,2019549.83377782,0.0,0.0,0.1289337658,0.0,0.1289337658,0.1289337658,0.1289337658,0.3165614429
2025-03-03,FGI,equity_sub,2024523.18116037,0.0,0.002462602,0.1317138803,0.002462602,0.1317138803,0.1317138803,0.1317138803,0.3165614429
2025-03-04,FGI,equity_sub,2024579.65180069,0.0,2.78933e-05,0.1317454476,0.002490564,0.1317454476,0.1317454476,0.1317454476,0.3165614429
2025-03-05,FGI,equity_sub,1877021.08450557,227064.40793652,0.0392702952,0.1761894254,0.0418586644,0.1761894254,0.1761894254,0.1761894254,0.3165614429
2025-03-06,FGI,equity_sub,1934131.08710102,0.0,0.0304258716,0.2119760139,0.0735581224,0.2119760139,0.2119760139,0.2119760139,0.3165614429
2025-03-07,FGI,equity_sub,1928116.74254184,0.0,-0.0031095848,0.2082072718,0.0702198024,0.2082072718,0.2082072718,0.2082072718,0.3165614429
2025-03-08,FGI,equity_sub,1928116.74254184,0.0,0.0,0.2082072718,0.0702198024,0.2082072718,0.2082072718,0.2082072718,0.3165614429
2025-03-09,FGI,equity_sub,1928116.74254184,0.0,0.0,0.2082072718,0.0702198024,0.2082072718,0.2082072718,0.2082072718,0.3165614429
2025-03-10,FGI,equity_sub,1899901.76449881,0.0,-0.0146334386,0.1905270448,0.0545588066,0.1905270448,0.1905270448,0.1905270448,0.3165614429
2025-03-11,FGI,equity_sub,1886472.98774253,0.0,-0.0070681427,0.1821122298,0.0471050345,0.1821122298,0.1821122298,0.1821122298,0.3165614429
2025-03-12,FGI,equity_sub,1877499.85356418,0.0,-0.0047565665,0.1764894343,0.0421244098,0.1764894343,0.1764894343,0.1764894343,0.3165614429
2025-03-13,FGI,equity_sub,1874609.2899932,0.0,-0.0015395812,0.1746781333,0.0405199746,0.1746781333,0.1746781333,0.1746781333,0.3165614429
2025-03-14,FGI,equity_sub,1610867.11649152,292792.09266176,0.0154965194,0.1928815557,0.0566444125,0.1928815557,0.1928815557,0.1928815557,0.3165614429
2025-03-15,FGI,equity_sub,1610867.11649152,0.0,0.0,0.1928815557,0.0566444125,0.1928815557,0.1928815557,0.1928815557,0.3165614429
2025-03-16,FGI,equity_sub,1610867.11649152,0.0,0.0,0.1928815557,0.0566444125,0.1928815557,0.1928815557,0.1928815557,0.3165614429
2025-03-17,FGI,equity_sub,1629600.96943267,0.0,0.01162967,0.2067543745,0.0689328383,0.2067543745,0.2067543745,0.2067543745,0.3165614429
2025-03-18,FGI,equity_sub,1870342.56673959,-202772.09441112,0.0232998775,0.2348716036,0.0938388424,0.2348716036,0.2348716036,0.2348716036,0.3165614429
2025-03-19,FGI,equity_sub,1864051.46998222,0.0,-0.0033636067,0.2307179812,0.0901595988,0.2307179812,0.2307179812,0.2307179812,0.3165614429
2025-03-20,FGI,equity_sub,1838415.97383639,0.0,-0.0137525688,0.2137924474,0.0751671039,0.2137924474,0.2137924474,0.2137924474,0.3165614429
2025-03-21,FGI,equity_sub,1822059.01342576,0.0,-0.0088973119,0.2029929574,0.0656010067,0.2029929574,0.2029929574,0.2029929574,0.3165614429
2025-03-22,FGI,equity_sub,1822059.01342576,0.0,0.0,0.2029929574,0.0656010067,0.2029929574,0.2029929574,0.2029929574,0.3165614429
2025-03-23,FGI,equity_sub,1822059.01342576,0.0,0.0,0.2029929574,0.0656010067,0.2029929574,0.2029929574,0.2029929574,0.3165614429
2025-03-24,FGI,equity_sub,1820395.63476568,0.0,-0.0009129115,0.2018947313,0.0646282073,0.2018947313,0.2018947313,0.2018947313,0.3165614429
2025-03-25,FGI,equity_sub,1795550.749269,0.0,-0.0136480691,0.1854911889,0.0500980879,0.1854911889,0.1854911889,0.1854911889,0.3165614429
2025-03-26,FGI,equity_sub,1808644.39078697,0.0,0.0072922704,0.1941361111,0.0577556871,0.1941361111,0.1941361111,0.1941361111,0.3165614429
2025-03-27,FGI,equity_sub,1828700.34717583,0.0,0.011088944,0.2073778196,0.0694850807,0.2073778196,0.2073778196,0.2073778196,0.3165614429
2025-03-28,FGI,equity_sub,1820594.99135133,0.0,-0.004432304,0.2020263541,0.0647447977,0.2020263541,0.2020263541,0.2020263541,0.3165614429
2025-03-29,FGI,equity_sub,1820594.99135133,0.0,0.0,0.2020263541,0.0647447977,0.2020263541,0.2020263541,0.2020263541,0.3165614429
2025-03-30,FGI,equity_sub,1820594.99135133,0.0,0.0,0.2020263541,0.0647447977,0.2020263541,0.2020263541,0.2020263541,0.3165614429
2025-03-31,FGI,equity_sub,1820462.34523557,0.0,-7.28587e-05,0.2019387761,0.0646672218,0.2019387761,0.2019387761,0.2019387761,0.3165614429
2025-04-01,FGI,equity_sub,1616527.8341193,223857.56431755,0.0109439524,0.2150927368,0.0109439524,0.0109439524,0.2150927368,0.2150927368,0.3165614429
2025-04-02,FGI,equity_sub,1614992.62316631,0.0,-0.0009496966,0.2139387674,0.0099838624,0.0099838624,0.2139387674,0.2139387674,0.3165614429
2025-04-03,FGI,equity_sub,1595913.33288335,0.0,-0.011813856,0.1995974696,-0.0019479415,-0.0019479415,0.1995974696,0.1995974696,0.3165614429
2025-04-04,FGI,equity_sub,1597103.38014697,0.0,0.0007456841,0.2004919904,-0.00120371,-0.00120371,0.2004919904,0.2004919904,0.3165614429
2025-04-05,FGI,equity_sub,1597103.38014697,0.0,0.0,0.2004919904,-0.00120371,-0.00120371,0.2004919904,0.2004919904,0.3165614429
2025-04-06,FGI,equity_sub,1597103.38014697,0.0,0.0,0.2004919904,-0.00120371,-0.00120371,0.2004919904,0.2004919904,0.3165614429
2025-04-07,FGI,equity_sub,1419814.86764845,0.0,-0.1110062847,0.0672298347,-0.1120763753,-0.1120763753,0.0672298347,0.0672298347,0.3165614429
2025-04-08,FGI,equity_sub,1427862.43777022,0.0,0.0056680419,0.0732789381,-0.107043587,-0.107043587,0.0732789381,0.0732789381,0.3165614429
2025-04-09,FGI,equity_sub,1421711.83808032,0.0,-0.0043075576,0.0686557273,-0.1108900482,-0.1108900482,0.0686557273,0.0686557273,0.3165614429
2025-04-10,FGI,equity_sub,1451550.00215121,0.0,0.0209874908,0.0910841295,-0.0922298613,-0.0922298613,0.0910841295,0.0910841295,0.3165614429
2025-04-11,FGI,equity_sub,1457944.2130055,0.0,0.0044050917,0.0958904551,-0.0882310506,-0.0882310506,0.0958904551,0.0958904551,0.3165614429
2025-04-12,FGI,equity_sub,1457944.2130055,0.0,0.0,0.0958904551,-0.0882310506,-0.0882310506,0.0958904551,0.0958904551,0.3165614429
2025-04-13,FGI,equity_sub,1457944.2130055,0.0,0.0,0.0958904551,-0.0882310506,-0.0882310506,0.0958904551,0.0958904551,0.3165614429
2025-04-14,FGI,equity_sub,1498765.56564804,0.0,0.0279992556,0.1265745721,-0.0627021987,-0.0627021987,0.1265745721,0.1265745721,0.3165614429
2025-04-15,FGI,equity_sub,1509988.92600791,0.0,0.0074884029,0.1350108163,-0.0556833352,-0.0556833352,0.1350108163,0.1350108163,0.3165614429
2025-04-16,FGI,equity_sub,1508223.67859663,0.0,-0.0011690466,0.1336839358,-0.0567872854,-0.0567872854,0.1336839358,0.1336839358,0.3165614429
2025-04-17,FGI,equity_sub,1523851.49201252,0.0,0.0103617346,0.1454308678,-0.0470139656,-0.0470139656,0.1454308678,0.1454308678,0.3165614429
2025-04-18,FGI,equity_sub,1523851.49201252,0.0,0.0,0.1454308678,-0.0470139656,-0.0470139656,0.1454308678,0.1454308678,0.3165614429
2025-04-19,FGI,equity_sub,1523851.49201252,0.0,0.0,0.1454308678,-0.0470139656,-0.0470139656,0.1454308678,0.1454308678,0.3165614429
2025-04-20,FGI,equity_sub,1523851.49201252,0.0,0.0,0.1454308678,-0.0470139656,-0.0470139656,0.1454308678,0.1454308678,0.3165614429
2025-04-21,FGI,equity_sub,1523851.49201252,0.0,0.0,0.1454308678,-0.0470139656,-0.0470139656,0.1454308678,0.1454308678,0.3165614429
2025-04-22,FGI,equity_sub,1529533.49033049,0.0,0.0037287087,0.1497018459,-0.0434605583,-0.0434605583,0.1497018459,0.1497018459,0.3165614429
2025-04-23,FGI,equity_sub,1539416.52409097,0.0,0.0064614693,0.1571306091,-0.037279908,-0.037279908,0.1571306091,0.1571306091,0.3165614429
2025-04-24,FGI,equity_sub,1530840.54726961,0.0,-0.0055709268,0.1506843191,-0.0426431512,-0.0426431512,0.1506843191,0.1506843191,0.3165614429
2025-04-25,FGI,equity_sub,1533623.43069076,0.0,0.0018178794,0.1527761244,-0.0409027919,-0.0409027919,0.1527761244,0.1527761244,0.3165614429
2025-04-26,FGI,equity_sub,1533623.43069076,0.0,0.0,0.1527761244,-0.0409027919,-0.0409027919,0.1527761244,0.1527761244,0.3165614429
2025-04-27,FGI,equity_sub,1533623.43069076,0.0,0.0,0.1527761244,-0.0409027919,-0.0409027919,0.1527761244,0.1527761244,0.3165614429
2025-04-28,FGI,equity_sub,1540672.36527772,0.0,0.0045962617,0.1580745851,-0.0364945302,-0.0364945302,0.1580745851,0.1580745851,0.3165614429
2025-04-29,FGI,equity_sub,1542057.38273844,0.0,0.0008989695,0.1591156588,-0.0356283682,-0.0356283682,0.1591156588,0.1591156588,0.3165614429
2025-04-30,FGI,equity_sub,1546305.39851175,0.0,0.0027547715,0.1623087577,-0.0329717447,-0.0329717447,0.1623087577,0.1623087577,0.3165614429
2025-05-01,FGI,equity_sub,1547033.19649946,0.0,0.000470669,0.1628558203,0.000470669,-0.0325165945,0.1628558203,0.1628558203,0.3165614429
2025-05-02,FGI,equity_sub,1562482.8803828,0.0,0.0099866531,0.174468858,0.0104620225,-0.0228546733,0.174468858,0.174468858,0.3165614429
2025-05-03,FGI,equity_sub,1562482.8803828,0.0,0.0,0.174468858,0.0104620225,-0.0228546733,0.174468858,0.174468858,0.3165614429
2025-05-04,FGI,equity_sub,1562482.8803828,0.0,0.0,0.174468858,0.0104620225,-0.0228546733,0.174468858,0.174468858,0.3165614429
2025-05-05,FGI,equity_sub,1563833.64100785,0.0,0.0008644963,0.175484182,0.0113355632,-0.0220099348,0.175484182,0.175484182,0.3165614429
2025-05-06,FGI,equity_sub,1581903.87378636,0.0,0.0115550864,0.1890670032,0.0230216329,-0.0107091751,0.1890670032,0.1890670032,0.3165614429
2025-05-07,FGI,equity_sub,1591025.17072057,0.0,0.0057660248,0.195923193,0.028920401,-0.0050048997,0.195923193,0.195923193,0.3165614429
2025-05-08,FGI,equity_sub,1592276.78151337,0.0,0.0007866694,0.1968639892,0.0297298212,-0.0042221675,0.1968639892,0.1968639892,0.3165614429
2025-05-09,FGI,equity_sub,1599227.61388643,0.0,0.0043653418,0.2020887096,0.0342249438,0.000124743,0.2020887096,0.2020887096,0.3165614429
2025-05-10,FGI,equity_sub,1599227.61388643,0.0,0.0,0.2020887096,0.0342249438,0.000124743,0.2020887096,0.2020887096,0.3165614429
2025-05-11,FGI,equity_sub,1599227.61388643,0.0,0.0,0.2020887096,0.0342249438,0.000124743,0.2020887096,0.2020887096,0.3165614429
2025-05-12,FGI,equity_sub,1637461.20483705,0.0,0.0239075355,0.2308276881,0.0589507134,0.0240352608,0.2308276881,0.2308276881,0.3165614429
2025-05-13,FGI,equity_sub,1612877.28283527,0.0,-0.0150134378,0.2123487331,0.0430522227,0.0086609711,0.2123487331,0.2123487331,0.3165614429
2025-05-14,FGI,equity_sub,2172143.76698624,-527414.92036456,0.0197482872,0.2362905441,0.0636507175,0.0285802977,0.2362905441,0.2362905441,0.3165614429
2025-05-15,FGI,equity_sub,2162384.49657522,0.0,-0.004492921,0.2307359883,0.0588718188,0.0239589676,0.2307359883,0.2307359883,0.3165614429
2025-05-16,FGI,equity_sub,2156670.20967766,0.0,-0.002642586,0.2274836626,0.056073659,0.021253068,0.2274836626,0.2274836626,0.3165614429
2025-05-17,FGI,equity_sub,2156670.20967766,0.0,0.0,0.2274836626,0.056073659,0.021253068,0.2274836626,0.2274836626,0.3165614429
2025-05-18,FGI,equity_sub,2156670.20967766,0.0,0.0,0.2274836626,0.056073659,0.021253068,0.2274836626,0.2274836626,0.3165614429
2025-05-19,FGI,equity_sub,2160560.70639334,0.0,0.0018039368,0.2296979656,0.0579787492,0.023095344,0.2296979656,0.2296979656,0.3165614429
2025-05-20,FGI,equity_sub,2187843.00182695,0.0,0.0126274144,0.2452258714,0.0713382853,0.0360143929,0.2452258714,0.2452258714,0.3165614429
2025-05-21,FGI,equity_sub,2507124.31626189,-306109.81010692,0.0060203151,0.2527225236,0.0777880794,0.042251526,0.2527225236,0.2527225236,0.3165614429
2025-05-22,FGI,equity_sub,2487504.37720709,0.0,-0.0078256746,0.2429191247,0.0693536606,0.0340952047,0.2429191247,0.2429191247,0.3165614429
2025-05-23,FGI,equity_sub,2500066.11656137,0.0,0.0050499366,0.2491957875,0.0747538288,0.0393173199,0.2491957875,0.2491957875,0.3165614429
2025-05-24,FGI,equity_sub,2500066.11656137,0.0,0.0,0.2491957875,0.0747538288,0.0393173199,0.2491957875,0.2491957875,0.3165614429
2025-05-25,FGI,equity_sub,2500066.11656137,0.0,0.0,0.2491957875,0.0747538288,0.0393173199,0.2491957875,0.2491957875,0.3165614429
2025-05-26,FGI,equity_sub,2499133.52327002,0.0,-0.0003730275,0.2487298032,0.0743529161,0.0389296261,0.2487298032,0.2487298032,0.3165614429
2025-05-27,FGI,equity_sub,2510833.92638735,0.0,0.0046817839,0.2545760863,0.0793828043,0.0437936701,0.2545760863,0.2545760863,0.3165614429
2025-05-28,FGI,equity_sub,2504281.6488553,0.0,-0.0026096021,0.2513021419,0.0765660446,0.0410697839,0.2513021419,0.2513021419,0.3165614429
2025-05-29,FGI,equity_sub,2519523.8863994,0.0,0.006086471,0.258918156,0.0831185326,0.0474062249,0.258918156,0.258918156,0.3165614429
2025-05-30,FGI,equity_sub,2487605.8143572,0.0,-0.0126682951,0.2429698093,0.0693972674,0.0341373738,0.2429698093,0.2429698093,0.3165614429
2025-05-31,FGI,equity_sub,2487605.8143572,0.0,0.0,0.2429698093,0.0693972674,0.0341373738,0.2429698093,0.2429698093,0.3165614429
2025-06-01,FGI,equity_sub,2487605.8143572,0.0,0.0,0.2429698093,0.0,0.0341373738,0.2429698093,0.2429698093,0.3165614429
2025-06-02,FGI,equity_sub,2677108.35775198,-193320.66907583,-0.0015348596,0.2410620252,-0.0015348596,0.0325501181,0.2410620252,0.2410620252,0.3165614429
2025-06-03,FGI,equity_sub,2707428.85406158,0.0,0.0113258383,0.255118093,0.0097735951,0.0442446137,0.255118093,0.255118093,0.3165614429
2025-06-04,FGI,equity_sub,2717985.78956569,0.0,0.0038992476,0.2600121092,0.0137109524,0.0483163821,0.2600121092,0.2600121092,0.3165614429
2025-06-05,FGI,equity_sub,2733207.26127284,0.0,0.0056002764,0.2670685253,0.0193880139,0.0541872436,0.2670685253,0.2670685253,0.3165614429
2025-06-06,FGI,equity_sub,2723840.33252791,0.0,-0.0034270832,0.262726176,0.0158944864,0.0505744562,0.262726176,0.262726176,0.3165614429
2025-06-07,FGI,equity_sub,2723840.33252791,0.0,0.0,0.262726176,0.0158944864,0.0505744562,0.262726176,0.262726176,0.3165614429
2025-06-08,FGI,equity_sub,2723840.33252791,0.0,0.0,0.262726176,0.0158944864,0.0505744562,0.262726176,0.262726176,0.3165614429
2025-06-09,FGI,equity_sub,2746168.40925708,0.0,0.0081972781,0.2730770937,0.024222056,0.0591863072,0.2730770937,0.2730770937,0.3165614429
2025-06-10,FGI,equity_sub,2747905.00480112,0.0,0.0006323704,0.2738821499,0.0248697437,0.0598561052,0.2738821499,0.2738821499,0.3165614429
2025-06-11,FGI,equity_sub,2768947.83295592,0.0,0.0076577713,0.2836372481,0.0327179618,0.0679722409,0.2836372481,0.2836372481,0.3165614429
2025-06-12,FGI,equity_sub,2738046.63265812,0.0,-0.011159907,0.2693119758,0.0211929254,0.05605377,0.2693119758,0.2693119758,0.3165614429
2025-06-13,FGI,equity_sub,2748445.37569129,0.0,0.0037978692,0.2741326567,0.0250712826,0.0600645241,0.2741326567,0.2741326567,0.3165614429
2025-06-14,FGI,equity_sub,2748445.37569129,0.0,0.0,0.2741326567,0.0250712826,0.0600645241,0.2741326567,0.2741326567,0.3165614429
2025-06-15,FGI,equity_sub,2748445.37569129,0.0,0.0,0.2741326567,0.0250712826,0.0600645241,0.2741326567,0.2741326567,0.3165614429
2025-06-16,FGI,equity_sub,2756414.70293543,0.0,0.0028995764,0.2778271016,0.028043555,0.0631382621,0.2778271016,0.2778271016,0.3165614429
2025-06-17,FGI,equity_sub,2735649.59413221,0.0,-0.0075333762,0.2682007494,0.0202989162,0.0551292417,0.2682007494,0.2682007494,0.3165614429
2025-06-18,FGI,equity_sub,2717226.91120007,0.0,-0.0067342992,0.2596603061,0.013427918,0.0480236857,0.2596603061,0.2596603061,0.3165614429
2025-06-19,FGI,equity_sub,2672373.17600465,0.0,-0.0165071732,0.2388668752,-0.0033009121,0.0307237772,0.2388668752,0.2388668752,0.3165614429
2025-06-20,FGI,equity_sub,2692474.47262231,0.0,0.0075218898,0.2481854954,0.0041961486,0.0384767679,0.2481854954,0.2481854954,0.3165614429
2025-06-21,FGI,equity_sub,2692474.47262231,0.0,0.0,0.2481854954,0.0041961486,0.0384767679,0.2481854954,0.2481854954,0.3165614429
2025-06-22,FGI,equity_sub,2692474.47262231,0.0,0.0,0.2481854954,0.0041961486,0.0384767679,0.2481854954,0.2481854954,0.3165614429
2025-06-23,FGI,equity_sub,2701041.61059458,0.0,0.0031818827,0.2521570752,0.007391383,0.0417810792,0.2521570752,0.2521570752,0.3165614429
2025-06-24,FGI,equity_sub,2740240.68212035,0.0,0.014512576,0.2703290999,0.022011227,0.0569000062,0.2703290999,0.2703290999,0.3165614429
2025-06-25,FGI,equity_sub,2756171.94823077,0.0,0.00581382,0.2777145646,0.0279530163,0.0630446326,0.2777145646,0.2777145646,0.3165614429
2025-06-26,FGI,equity_sub,2738702.68404405,0.0,-0.0063382345,0.2696161101,0.021437609,0.0563068064,0.2696161101,0.2696161101,0.3165614429
2025-06-27,FGI,equity_sub,2733724.0649681,0.0,-0.001817875,0.2673081067,0.0195807631,0.0543865727,0.2673081067,0.2673081067,0.3165614429
2025-06-28,FGI,equity_sub,2733724.0649681,0.0,0.0,0.2673081067,0.0195807631,0.0543865727,0.2673081067,0.2673081067,0.3165614429
2025-06-29,FGI,equity_sub,2733724.0649681,0.0,0.0,0.2673081067,0.0195807631,0.0543865727,0.2673081067,0.2673081067,0.3165614429
2025-06-30,FGI,equity_sub,2718390.61411847,0.0,-0.0056089973,0.260199779,0.0138619374,0.0484725213,0.260199779,0.260199779,0.3165614429
2025-07-01,FGI,equity_sub,2718252.30114949,0.0,-5.08805e-05,0.2601356595,-5.08805e-05,-5.08805e-05,0.2601356595,0.2601356595,0.3165614429
2025-07-02,FGI,equity_sub,2732195.54695014,0.0,0.0051294892,0.2665995117,0.0050783477,0.0050783477,0.2665995117,0.2665995117,0.3165614429
2025-07-03,FGI,equity_sub,2721147.32605378,0.0,-0.0040437153,0.2614777439,0.0010140971,0.0010140971,0.2614777439,0.2614777439,0.3165614429
2025-07-04,FGI,equity_sub,2712507.82458451,0.0,-0.0031749481,0.2574726176,-0.0021640707,-0.0021640707,0.2574726176,0.2574726176,0.3165614429
2025-07-05,FGI,equity_sub,2712507.82458451,0.0,0.0,0.2574726176,-0.0021640707,-0.0021640707,0.2574726176,0.2574726176,0.3165614429
2025-07-06,FGI,equity_sub,2712507.82458451,0.0,0.0,0.2574726176,-0.0021640707,-0.0021640707,0.2574726176,0.2574726176,0.3165614429
2025-07-07,FGI,equity_sub,2715650.77268694,0.0,0.0011586872,0.258929635,-0.001007891,-0.001007891,0.258929635,0.258929635,0.3165614429
2025-07-08,FGI,equity_sub,2736287.74708685,0.0,0.007599274,0.2684965863,0.0065837238,0.0065837238,0.2684965863,0.2684965863,0.3165614429
2025-07-09,FGI,equity_sub,2726441.17701023,0.0,-0.0035985141,0.2639318834,0.0029615181,0.0029615181,0.2639318834,0.2639318834,0.3165614429
2025-07-10,FGI,equity_sub,2740125.5777706,0.0,0.005019144,0.2702757395,0.0079955263,0.0079955263,0.2702757395,0.2702757395,0.3165614429
2025-07-11,FGI,equity_sub,2755737.10410853,0.0,0.0056973762,0.2775129783,0.0137384561,0.0137384561,0.2775129783,0.2775129783,0.3165614429
2025-07-12,FGI,equity_sub,2755737.10410853,0.0,0.0,0.2775129783,0.0137384561,0.0137384561,0.2775129783,0.2775129783,0.3165614429
2025-07-13,FGI,equity_sub,2755737.10410853,0.0,0.0,0.2775129783,0.0137384561,0.0137384561,0.2775129783,0.2775129783,0.3165614429
2025-07-14,FGI,equity_sub,2770497.46965982,0.0,0.0053562314,0.2843556334,0.0191682738,0.0191682738,0.2843556334,0.2843556334,0.3165614429
2025-07-15,FGI,equity_sub,2794021.04867441,0.0,0.0084907419,0.2952607656,0.0278217686,0.0278217686,0.2952607656,0.2952607656,0.3165614429
2025-07-16,FGI,equity_sub,2792847.46705588,0.0,-0.0004200332,0.2947167131,0.0273900493,0.0273900493,0.2947167131,0.2947167131,0.3165614429
2025-07-17,FGI,equity_sub,2789546.97232288,0.0,-0.0011817669,0.2931866597,0.0261759137,0.0261759137,0.2931866597,0.2931866597,0.3165614429
2025-07-18,FGI,equity_sub,2811993.30659302,0.0,0.0080465877,0.3035923995,0.0344331282,0.0344331282,0.3035923995,0.3035923995,0.3165614429
2025-07-19,FGI,equity_sub,2811993.30659302,0.0,0.0,0.3035923995,0.0344331282,0.0344331282,0.3035923995,0.3035923995,0.3165614429
2025-07-20,FGI,equity_sub,2811993.30659302,0.0,0.0,0.3035923995,0.0344331282,0.0344331282,0.3035923995,0.3035923995,0.3165614429
2025-07-21,FGI,equity_sub,2829041.01568917,0.0,0.0060624999,0.3114954283,0.0407043789,0.0407043789,0.3114954283,0.3114954283,0.3165614429
2025-07-22,FGI,equity_sub,1913224.5785959,921989.06332515,0.0021818794,0.3143569531,0.0429750703,0.0429750703,0.3143569531,0.3143569531,0.3165614429
2025-07-23,FGI,equity_sub,1931304.7792813,0.0,0.0094501194,0.3267777832,0.0528313093,0.0528313093,0.3267777832,0.3267777832,0.3165614429
2025-07-24,FGI,equity_sub,1939126.90546768,0.0,0.004050177,0.3321514681,0.0570954624,0.0570954624,0.3321514681,0.3321514681,0.3165614429
2025-07-25,FGI,equity_sub,1921677.99991234,0.0,-0.0089983309,0.3201643284,0.0475833676,0.0475833676,0.3201643284,0.3201643284,0.3165614429
2025-07-26,FGI,equity_sub,1921677.99991234,0.0,0.0,0.3201643284,0.0475833676,0.0475833676,0.3201643284,0.3201643284,0.3165614429
2025-07-27,FGI,equity_sub,1921677.99991234,0.0,0.0,0.3201643284,0.0475833676,0.0475833676,0.3201643284,0.3201643284,0.3165614429
2025-07-28,FGI,equity_sub,1925581.58995394,0.0,0.0020313445,0.3228460369,0.0497113704,0.0497113704,0.3228460369,0.3228460369,0.3165614429
2025-07-29,FGI,equity_sub,1922497.62185414,0.0,-0.0016015775,0.3207273965,0.0480301763,0.0480301763,0.3207273965,0.3207273965,0.3165614429
2025-07-30,FGI,equity_sub,1919120.06136258,0.0,-0.0017568607,0.3184070625,0.0461889333,0.0461889333,0.3184070625,0.3184070625,0.3165614429
2025-07-31,FGI,equity_sub,1895667.74967926,0.0,-0.0122203463,0.3022956716,0.0334041422,0.0334041422,0.3022956716,0.3022956716,0.3165614429
2025-08-01,FGI,equity_sub,1881417.19906248,0.0,-0.0075174305,0.2925057544,-0.0075174305,0.0256355984,0.2925057544,0.2925057544,0.3165614429
2025-08-02,FGI,equity_sub,1881417.19906248,0.0,0.0,0.2925057544,-0.0075174305,0.0256355984,0.2925057544,0.2925057544,0.3165614429
2025-08-03,FGI,equity_sub,1881417.19906248,0.0,0.0,0.2925057544,-0.0075174305,0.0256355984,0.2925057544,0.2925057544,0.3165614429
2025-08-04,FGI,equity_sub,1887213.99592308,0.0,0.00308108,0.296488068,-0.0044595124,0.0287956637,0.296488068,0.296488068,0.3165614429
2025-08-05,FGI,equity_sub,1898981.74467049,0.0,0.0062355137,0.3045723371,0.001748194,0.0352107331,0.3045723371,0.3045723371,0.3165614429
2025-08-06,FGI,equity_sub,1908055.18522969,0.0,0.0047780557,0.3108056564,0.0065346027,0.0401570277,0.3108056564,0.3108056564,0.3165614429
2025-08-07,FGI,equity_sub,1921333.30240302,0.0,0.0069589796,0.3199275263,0.0135390565,0.0473954593,0.3199275263,0.3199275263,0.3165614429
2025-08-08,FGI,equity_sub,2012735.06734675,-96824.95380779,-0.0028226174,0.3162018759,0.0106782235,0.0444390626,0.3162018759,0.3162018759,0.3165614429
2025-08-09,FGI,equity_sub,2012735.06734675,0.0,0.0,0.3162018759,0.0106782235,0.0444390626,0.3162018759,0.3162018759,0.3165614429
2025-08-10,FGI,equity_sub,2012735.06734675,0.0,0.0,0.3162018759,0.0106782235,0.0444390626,0.3162018759,0.3162018759,0.3165614429
2025-08-11,FGI,equity_sub,2020150.4490695,0.0,0.0036842314,0.3210510681,0.0144017959,0.0482870178,0.3210510681,0.3210510681,0.3165614429
2025-08-12,FGI,equity_sub,2030458.43275332,0.0,0.0051025822,0.3277918398,0.0195778644,0.0536359884,0.3277918398,0.3277918398,0.3165614429
2025-08-13,FGI,equity_sub,2064910.58023575,0.0,0.0169676694,0.3503213728,0.0368777246,0.0715137356,0.3503213728,0.3503213728,0.3165614429
2025-08-14,FGI,equity_sub,2055684.00387367,0.0,-0.0044682692,0.3442877734,0.0322446758,0.0667259238,0.3442877734,0.3442877734,0.3165614429
2025-08-15,FGI,equity_sub,2046360.43781044,0.0,-0.0045355055,0.3381907488,0.0275629244,0.0618877825,0.3381907488,0.3381907488,0.3165614429
2025-08-16,FGI,equity_sub,2046360.43781044,0.0,0.0,0.3381907488,0.0275629244,0.0618877825,0.3381907488,0.3381907488,0.3165614429
2025-08-17,FGI,equity_sub,2046360.43781044,0.0,0.0,0.3381907488,0.0275629244,0.0618877825,0.3381907488,0.3381907488,0.3165614429
2025-08-18,FGI,equity_sub,2036307.24490448,0.0,-0.0049127186,0.3316165943,0.022514797,0.0566710267,0.3316165943,0.3316165943,0.3165614429
2025-08-19,FGI,equity_sub,2033621.2508565,0.0,-0.0013190515,0.3298601235,0.0211660473,0.0552772232,0.3298601235,0.3298601235,0.3165614429
2025-08-20,FGI,equity_sub,1974492.63916114,82823.77010246,0.0116517067,0.3453552636,0.0330643746,0.0675730039,0.3453552636,0.3453552636,0.3165614429
2025-08-21,FGI,equity_sub,1982988.64643628,0.0,0.0043028812,0.3511441675,0.0375095279,0.0721666437,0.3511441675,0.3511441675,0.3165614429
2025-08-22,FGI,equity_sub,2094090.64781019,-100616.85472057,0.0052875475,0.3582884065,0.0429954088,0.0778357758,0.3582884065,0.3582884065,0.3165614429
2025-08-23,FGI,equity_sub,2094090.64781019,0.0,0.0,0.3582884065,0.0429954088,0.0778357758,0.3582884065,0.3582884065,0.3165614429
2025-08-24,FGI,equity_sub,2094090.64781019,0.0,0.0,0.3582884065,0.0429954088,0.0778357758,0.3582884065,0.3582884065,0.3165614429
2025-08-25,FGI,equity_sub,2114287.51227444,0.0,0.0096446945,0.3713886831,0.0530547809,0.0882311725,0.3713886831,0.3713886831,0.3165614429
2025-08-26,FGI,equity_sub,2093334.59446751,0.0,-0.0099101554,0.3577980082,0.0426188443,0.0774466325,0.3577980082,0.3577980082,0.3165614429
2025-08-27,FGI,equity_sub,2077870.31478674,0.0,-0.0073873903,0.3477674243,0.034916612,0.0694871137,0.3477674243,0.3477674243,0.3165614429
2025-08-28,FGI,equity_sub,2080431.38206534,0.0,0.0012325443,0.3494286074,0.0361921926,0.070805304,0.3494286074,0.3494286074,0.3165614429
2025-08-29,FGI,equity_sub,2405990.37454327,-321890.43992896,0.0017633615,0.3518081378,0.038019374,0.0726935208,0.3518081378,0.3518081378,0.3165614429
2025-08-30,FGI,equity_sub,2405990.37454327,0.0,0.0,0.3518081378,0.038019374,0.0726935208,0.3518081378,0.3518081378,0.3165614429
2025-08-31,FGI,equity_sub,2405990.37454327,0.0,0.0,0.3518081378,0.038019374,0.0726935208,0.3518081378,0.3518081378,0.3165614429
2025-09-01,FGI,equity_sub,2440429.31911661,0.0,0.0143138331,0.3711576939,0.0143138331,0.0880478768,0.3711576939,0.3711576939,0.3165614429
2025-09-02,FGI,equity_sub,2434235.79675951,0.0,-0.0025378823,0.367677857,0.0117396239,0.0852865393,0.367677857,0.367677857,0.3165614429
2025-09-03,FGI,equity_sub,2426678.26447081,0.0,-0.0031046837,0.3634316498,0.0085984924,0.0819170679,0.3634316498,0.3634316498,0.3165614429
2025-09-04,FGI,equity_sub,2407341.268707,0.0,-0.0079685041,0.3525671391,0.0005614711,0.0732958072,0.3525671391,0.3525671391,0.3165614429
2025-09-05,FGI,equity_sub,2778139.77906611,-338730.43402128,0.0133209515,0.3705846204,0.013889902,0.0875931287,0.3705846204,0.3705846204,0.3165614429
2025-09-06,FGI,equity_sub,2778139.77906611,0.0,0.0,0.3705846204,0.013889902,0.0875931287,0.3705846204,0.3705846204,0.3165614429
2025-09-07,FGI,equity_sub,2778139.77906611,0.0,0.0,0.3705846204,0.013889902,0.0875931287,0.3705846204,0.3705846204,0.3165614429
2025-09-08,FGI,equity_sub,2800986.99724313,0.0,0.0082239268,0.381856208,0.0222280583,0.0965374149,0.381856208,0.381856208,0.3165614429
2025-09-09,FGI,equity_sub,2802277.69203407,0.0,0.0004608,0.3824929673,0.022699101,0.0970426994,0.3824929673,0.3824929673,0.3165614429
2025-09-10,FGI,equity_sub,2828806.3556989,0.0,0.0094668218,0.3955807819,0.0323808112,0.1074282072,0.3955807819,0.3955807819,0.3165614429
2025-09-11,FGI,equity_sub,2824444.5846541,0.0,-0.0015419122,0.3934289189,0.0307889706,0.1057206501,0.3934289189,0.3934289189,0.3165614429
2025-09-12,FGI,equity_sub,2829314.12640576,0.0,0.0017240706,0.3958312887,0.0325661235,0.1076269905,0.3958312887,0.3958312887,0.3165614429
2025-09-13,FGI,equity_sub,2829314.12640576,0.0,0.0,0.3958312887,0.0325661235,0.1076269905,0.3958312887,0.3958312887,0.3165614429
2025-09-14,FGI,equity_sub,2829314.12640576,0.0,0.0,0.3958312887,0.0325661235,0.1076269905,0.3958312887,0.3958312887,0.3165614429
2025-09-15,FGI,equity_sub,2836796.76178169,0.0,0.0026446817,0.3995228182,0.0352969323,0.1105563114,0.3995228182,0.3995228182,0.3165614429
2025-09-16,FGI,equity_sub,2835141.83041432,0.0,-0.0005833803,0.3987063641,0.0346929605,0.1099084347,0.3987063641,0.3987063641,0.3165614429
2025-09-17,FGI,equity_sub,2845251.25365013,0.0,0.0035657557,0.4036938093,0.0383824228,0.1138660971,0.4036938093,0.4036938093,0.3165614429
2025-09-18,FGI,equity_sub,2811088.23365214,0.0,-0.012007031,0.3868396143,0.0259145329,0.1004918723,0.3868396143,0.3868396143,0.3165614429
2025-09-19,FGI,equity_sub,2802560.70582151,0.0,-0.0030335326,0.3826325911,0.0228023877,0.0971534943,0.3826325911,0.3826325911,0.3165614429
2025-09-20,FGI,equity_sub,2802560.70582151,0.0,0.0,0.3826325911,0.0228023877,0.0971534943,0.3826325911,0.3826325911,0.3165614429
2025-09-21,FGI,equity_sub,2802560.70582151,0.0,0.0,0.3826325911,0.0228023877,0.0971534943,0.3826325911,0.3826325911,0.3165614429
2025-09-22,FGI,equity_sub,2793761.81964822,0.0,-0.0031395881,0.3782916943,0.0195912095,0.0937088843,0.3782916943,0.3782916943,0.3165614429
2025-09-23,FGI,equity_sub,2788180.94436729,0.0,-0.0019976203,0.3755383908,0.0175544534,0.0915240692,0.3755383908,0.3755383908,0.3165614429
2025-09-24,FGI,equity_sub,2796944.70658988,0.0,0.0031431827,0.3798619594,0.020752813,0.0949549289,0.3798619594,0.3798619594,0.3165614429
2025-09-25,FGI,equity_sub,2781989.8459475,0.0,-0.005346856,0.3724840361,0.0152949947,0.0891003625,0.3724840361,0.3724840361,0.3165614429
2025-09-26,FGI,equity_sub,2766674.45238722,0.0,-0.0055051939,0.3649282454,0.0097055989,0.0831046538,0.3649282454,0.3649282454,0.3165614429
2025-09-27,FGI,equity_sub,2766674.45238722,0.0,0.0,0.3649282454,0.0097055989,0.0831046538,0.3649282454,0.3649282454,0.3165614429
2025-09-28,FGI,equity_sub,2766674.45238722,0.0,0.0,0.3649282454,0.0097055989,0.0831046538,0.3649282454,0.3649282454,0.3165614429
2025-09-29,FGI,equity_sub,2799898.94814787,0.0,0.0120088201,0.3813194231,0.0218309718,0.0961114628,0.3813194231,0.3813194231,0.3165614429
2025-09-30,FGI,equity_sub,2803327.7388292,0.0,0.0012246123,0.3830110039,0.0230823185,0.0974537743,0.3830110039,0.3830110039,0.3165614429
2025-10-01,FGI,equity_sub,2803702.27395067,0.0,0.0001336038,0.3831957793,0.0001336038,0.0001336038,0.3831957793,0.3831957793,0.3165614429
2025-10-02,FGI,equity_sub,2829151.70835479,0.0,0.0090770816,0.3957511603,0.0092118981,0.0092118981,0.3957511603,0.3957511603,0.3165614429
2025-10-03,FGI,equity_sub,2817858.81761644,0.0,-0.0039916172,0.3901798559,0.0051835105,0.0051835105,0.3901798559,0.3901798559,0.3165614429
2025-10-04,FGI,equity_sub,2817858.81761644,0.0,0.0,0.3901798559,0.0051835105,0.0051835105,0.3901798559,0.3901798559,0.3165614429
2025-10-05,FGI,equity_sub,2817858.81761644,0.0,0.0,0.3901798559,0.0051835105,0.0051835105,0.3901798559,0.3901798559,0.3165614429
2025-10-06,FGI,equity_sub,2805545.96941281,0.0,-0.004369576,0.3841053594,0.0007912848,0.0007912848,0.3841053594,0.3841053594,0.3165614429
2025-10-07,FGI,equity_sub,2804987.11109012,0.0,-0.0001991977,0.3838296488,0.0005919295,0.0005919295,0.3838296488,0.3838296488,0.3165614429
2025-10-08,FGI,equity_sub,2796870.02928032,0.0,-0.0028938036,0.3798251176,-0.0023035871,-0.0023035871,0.3798251176,0.3798251176,0.3165614429
2025-10-09,FGI,equity_sub,2808330.23307493,0.0,0.0040975103,0.3854789652,0.0017844843,0.0017844843,0.3854789652,0.3854789652,0.3165614429
2025-10-10,FGI,equity_sub,2781256.72018699,0.0,-0.0096404307,0.3721223513,-0.0078731496,-0.0078731496,0.3721223513,0.3721223513,0.3165614429
2025-10-11,FGI,equity_sub,2781256.72018699,0.0,0.0,0.3721223513,-0.0078731496,-0.0078731496,0.3721223513,0.3721223513,0.3165614429
2025-10-12,FGI,equity_sub,2781256.72018699,0.0,0.0,0.3721223513,-0.0078731496,-0.0078731496,0.3721223513,0.3721223513,0.3165614429
2025-10-13,FGI,equity_sub,2750635.73327157,0.0,-0.0110097664,0.3570156047,-0.0187962345,-0.0187962345,0.3570156047,0.3570156047,0.3165614429
2025-10-14,FGI,equity_sub,2716663.90689537,0.0,-0.0123505363,0.3402557343,-0.0309146272,-0.0309146272,0.3402557343,0.3402557343,0.3165614429
2025-10-15,FGI,equity_sub,2755110.18883739,0.0,0.01415202,0.3592230602,-0.0172001116,-0.0172001116,0.3592230602,0.3592230602,0.3165614429
2025-10-16,FGI,equity_sub,2763882.22356759,0.0,0.0031839143,0.36355071,-0.014070961,-0.014070961,0.36355071,0.36355071,0.3165614429
2025-10-17,FGI,equity_sub,2732201.13476784,0.0,-0.0114625321,0.3479209662,-0.0253722043,-0.0253722043,0.3479209662,0.3479209662,0.3165614429
2025-10-18,FGI,equity_sub,2732201.13476784,0.0,0.0,0.3479209662,-0.0253722043,-0.0253722043,0.3479209662,0.3479209662,0.3165614429
2025-10-19,FGI,equity_sub,2732201.13476784,0.0,0.0,0.3479209662,-0.0253722043,-0.0253722043,0.3479209662,0.3479209662,0.3165614429
2025-10-20,FGI,equity_sub,2781838.47441456,0.0,0.0181675276,0.3724093576,-0.0076656269,-0.0076656269,0.3724093576,0.3724093576,0.3165614429
2025-10-21,FGI,equity_sub,2788343.75153286,0.0,0.0023384813,0.3756187111,-0.0053450715,-0.0053450715,0.3756187111,0.3756187111,0.3165614429
2025-10-22,FGI,equity_sub,2769172.22680306,0.0,-0.0068755959,0.3661605128,-0.0121839168,-0.0121839168,0.3661605128,0.3661605128,0.3165614429
2025-10-23,FGI,equity_sub,2785424.96403547,0.0,0.0058691681,0.3741787385,-0.0063862582,-0.0063862582,0.3741787385,0.3741787385,0.3165614429
2025-10-24,FGI,equity_sub,2796370.71254063,0.0,0.0039296512,0.3795787816,-0.0024817028,-0.0024817028,0.3795787816,0.3795787816,0.3165614429
2025-10-25,FGI,equity_sub,2796370.71254063,0.0,0.0,0.3795787816,-0.0024817028,-0.0024817028,0.3795787816,0.3795787816,0.3165614429
2025-10-26,FGI,equity_sub,2796370.71254063,0.0,0.0,0.3795787816,-0.0024817028,-0.0024817028,0.3795787816,0.3795787816,0.3165614429
2025-10-27,FGI,equity_sub,2822260.0408326,0.0,0.0092581889,0.3923511826,0.00675351,0.00675351,0.3923511826,0.3923511826,0.3165614429
2025-10-28,FGI,equity_sub,2823278.02820938,0.0,0.0003606994,0.3928534027,0.0071166454,0.0071166454,0.3928534027,0.3928534027,0.3165614429
2025-10-29,FGI,equity_sub,2823136.53285176,0.0,-5.01174e-05,0.3927835965,0.0070661713,0.0070661713,0.3927835965,0.3927835965,0.3165614429
2025-10-30,FGI,equity_sub,2817647.34655987,0.0,-0.0019443574,0.3900755275,0.0051080748,0.0051080748,0.3900755275,0.3900755275,0.3165614429
2025-10-31,FGI,equity_sub,2788073.13391126,0.0,-0.010496066,0.375485203,-0.005441606,-0.005441606,0.375485203,0.375485203,0.3165614429
2025-11-01,FGI,equity_sub,2788073.13391126,0.0,0.0,0.375485203,0.0,-0.005441606,0.375485203,0.375485203,0.3165614429
2025-11-02,FGI,equity_sub,2788073.13391126,0.0,0.0,0.375485203,0.0,-0.005441606,0.375485203,0.375485203,0.3165614429
2025-11-03,FGI,equity_sub,2808813.07725418,0.0,0.0074388089,0.3857171746,0.0074388089,0.0019567239,0.3857171746,0.3857171746,0.3165614429
2025-11-04,FGI,equity_sub,2800158.65600117,0.0,-0.0030811667,0.381447549,0.004334722,-0.0011304718,0.381447549,0.381447549,0.3165614429
2025-11-05,FGI,equity_sub,2803133.08785671,0.0,0.0010622369,0.3829149736,0.0054015635,-6.94357e-05,0.3829149736,0.3829149736,0.3165614429
2025-11-06,FGI,equity_sub,2845558.66339905,0.0,0.0151350557,0.4038454688,0.0206183722,0.0150645691,0.4038454688,0.4038454688,0.3165614429
2025-11-07,FGI,equity_sub,2835040.77328398,0.0,-0.0036962479,0.398656508,0.0168459137,0.0113126389,0.398656508,0.398656508,0.3165614429
2025-11-08,FGI,equity_sub,2835040.77328398,0.0,0.0,0.398656508,0.0168459137,0.0113126389,0.398656508,0.398656508,0.3165614429
2025-11-09,FGI,equity_sub,2835040.77328398,0.0,0.0,0.398656508,0.0168459137,0.0113126389,0.398656508,0.398656508,0.3165614429
2025-11-10,FGI,equity_sub,2879586.55646101,0.0,0.0157125723,0.4206329995,0.0328231786,0.0272029619,0.4206329995,0.4206329995,0.3165614429
2025-11-11,FGI,equity_sub,2891753.89215519,0.0,0.0042253759,0.426635708,0.0371872448,0.0315432805,0.426635708,0.426635708,0.3165614429
2025-11-12,FGI,equity_sub,2927984.73651714,0.0,0.0125290207,0.4445100563,0.0501821853,0.0444675077,0.4445100563,0.4445100563,0.3165614429
2025-11-13,FGI,equity_sub,2926196.31097278,0.0,-0.0006108043,0.4436277434,0.0495407295,0.0438295425,0.4436277434,0.4436277434,0.3165614429
2025-11-14,FGI,equity_sub,2892105.32094017,0.0,-0.0116502744,0.426809084,0.037313292,0.0316686418,0.426809084,0.426809084,0.3165614429
2025-11-15,FGI,equity_sub,2892105.32094017,0.0,0.0,0.426809084,0.037313292,0.0316686418,0.426809084,0.426809084,0.3165614429
2025-11-16,FGI,equity_sub,2892105.32094017,0.0,0.0,0.426809084,0.037313292,0.0316686418,0.426809084,0.426809084,0.3165614429
2025-11-17,FGI,equity_sub,2875409.00740037,0.0,-0.0057730655,0.4185720217,0.0313248144,0.0257127512,0.4185720217,0.4185720217,0.3165614429
2025-11-18,FGI,equity_sub,3130479.63887905,-297530.84047812,-0.0147666676,0.3976244402,0.0160955837,0.0105663919,0.3976244402,0.3976244402,0.3165614429
2025-11-19,FGI,equity_sub,3128255.12574721,0.0,-0.0007105982,0.3966312908,0.015373548,0.0098482853,0.3966312908,0.3966312908,0.3165614429
2025-11-20,FGI,equity_sub,3117915.02119487,0.0,-0.0033053904,0.3920148791,0.012017342,0.0065103424,0.3920148791,0.3920148791,0.3165614429
2025-11-21,FGI,equity_sub,3065223.69835393,0.0,-0.0168995378,0.368490471,-0.0050852833,-0.0104992172,0.368490471,0.368490471,0.3165614429
2025-11-22,FGI,equity_sub,3065223.69835393,0.0,0.0,0.368490471,-0.0050852833,-0.0104992172,0.368490471,0.368490471,0.3165614429
2025-11-23,FGI,equity_sub,3065223.69835393,0.0,0.0,0.368490471,-0.0050852833,-0.0104992172,0.368490471,0.368490471,0.3165614429
2025-11-24,FGI,equity_sub,3100923.1875413,0.0,0.0116466179,0.3844287566,0.0065021082,0.0010251203,0.3844287566,0.3844287566,0.3165614429
2025-11-25,FGI,equity_sub,2969821.86109221,132711.26741838,0.0005191812,0.385147526,0.0070246652,0.0015448338,0.385147526,0.385147526,0.3165614429
2025-11-26,FGI,equity_sub,2971673.23071663,0.0,0.0006233942,0.3860110188,0.0076524385,0.002169191,0.3860110188,0.3860110188,0.3165614429
2025-11-27,FGI,equity_sub,2650850.78912302,316967.9834388,-0.0012970666,0.3842132702,0.0063454461,0.0008693108,0.3842132702,0.3842132702,0.3165614429
2025-11-28,FGI,equity_sub,2646650.15416659,0.0,-0.0015846365,0.3820197953,0.0047507544,-0.0007167033,0.3820197953,0.3820197953,0.3165614429
2025-11-29,FGI,equity_sub,2646650.15416659,0.0,0.0,0.3820197953,0.0047507544,-0.0007167033,0.3820197953,0.3820197953,0.3165614429
2025-11-30,FGI,equity_sub,2646650.15416659,0.0,0.0,0.3820197953,0.0047507544,-0.0007167033,0.3820197953,0.3820197953,0.3165614429
2025-12-01,FGI,equity_sub,2664578.88737458,0.0,0.0067741228,0.3913817672,0.0067741228,0.0060525645,0.3913817672,0.3913817672,0.3165614429
2025-12-02,FGI,equity_sub,2668293.21107845,0.0,0.0013939627,0.3933213015,0.0081775284,0.0074549643,0.3933213015,0.3933213015,0.3165614429
2025-12-03,FGI,equity_sub,2746549.43529322,-98096.18787197,-0.0074354511,0.3829613291,0.0006812737,-3.59178e-05,0.3829613291,0.3829613291,0.3165614429
2025-12-04,FGI,equity_sub,2752299.28799614,0.0,0.0020934823,0.3858565342,0.0027761823,0.0020574893,0.3858565342,0.3858565342,0.3165614429
2025-12-05,FGI,equity_sub,2742107.40877009,0.0,-0.0037030418,0.3807246496,-0.0009371398,-0.0016531714,0.3807246496,0.3807246496,0.3165614429
2025-12-06,FGI,equity_sub,2742107.40877009,0.0,0.0,0.3807246496,-0.0009371398,-0.0016531714,0.3807246496,0.3807246496,0.3165614429
2025-12-07,FGI,equity_sub,2742107.40877009,0.0,0.0,0.3807246496,-0.0009371398,-0.0016531714,0.3807246496,0.3807246496,0.3165614429
2025-12-08,FGI,equity_sub,2706461.59410803,0.0,-0.0129994232,0.3627760255,-0.0139243807,-0.0146311044,0.3627760255,0.3627760255,0.3165614429
2025-12-09,FGI,equity_sub,2684537.1001653,0.0,-0.0081007963,0.3517364546,-0.0219123784,-0.022613377,0.3517364546,0.3517364546,0.3165614429
2025-12-10,FGI,equity_sub,2674496.9925261,0.0,-0.0037399772,0.3466809911,-0.0255704038,-0.0262687807,0.3466809911,0.3466809911,0.3165614429
2025-12-11,FGI,equity_sub,2686152.80297946,0.0,0.0043581318,0.3525500043,-0.0213237112,-0.0220251317,0.3525500043,0.3525500043,0.3165614429
2025-12-12,FGI,equity_sub,2728165.34494757,0.0,0.015640414,0.3737044464,-0.0060168088,-0.0067291999,0.3737044464,0.3737044464,0.3165614429
2025-12-13,FGI,equity_sub,2728165.34494757,0.0,0.0,0.3737044464,-0.0060168088,-0.0067291999,0.3737044464,0.3737044464,0.3165614429
2025-12-14,FGI,equity_sub,2728165.34494757,0.0,0.0,0.3737044464,-0.0060168088,-0.0067291999,0.3737044464,0.3737044464,0.3165614429
2025-12-15,FGI,equity_sub,2693340.968837,0.0,-0.0127647601,0.3561694387,-0.0187047658,-0.0194080633,0.3561694387,0.3561694387,0.3165614429
2025-12-16,FGI,equity_sub,2668928.15815194,0.0,-0.0090641367,0.3438769335,-0.0275993599,-0.0282962827,0.3438769335,0.3438769335,0.3165614429
2025-12-17,FGI,equity_sub,2679171.07034079,0.0,0.0038378374,0.3490345146,-0.0238674444,-0.0245670419,0.3490345146,0.3490345146,0.3165614429
2025-12-18,FGI,equity_sub,2684064.84179274,0.0,0.0018265991,0.3514986599,-0.0220844416,-0.0227853169,0.3514986599,0.3514986599,0.3165614429
2025-12-19,FGI,equity_sub,2704346.52013601,0.0,0.0075563295,0.3617110291,-0.0146949894,-0.0154011608,0.3617110291,0.3617110291,0.3165614429
2025-12-20,FGI,equity_sub,2704346.52013601,0.0,0.0,0.3617110291,-0.0146949894,-0.0154011608,0.3617110291,0.3617110291,0.3165614429
2025-12-21,FGI,equity_sub,2704346.52013601,0.0,0.0,0.3617110291,-0.0146949894,-0.0154011608,0.3617110291,0.3617110291,0.3165614429
2025-12-22,FGI,equity_sub,2703729.37718698,0.0,-0.0002282041,0.361400281,-0.0149198401,-0.0156258503,0.361400281,0.361400281,0.3165614429
2025-12-23,FGI,equity_sub,2713899.90893009,0.0,0.0037616678,0.3665214166,-0.0112142957,-0.0119229617,0.3665214166,0.3665214166,0.3165614429
2025-12-24,FGI,equity_sub,2719751.38241678,0.0,0.0021561125,0.3694677905,-0.0090823625,-0.0097925565,0.3694677905,0.3694677905,0.3165614429
2025-12-25,FGI,equity_sub,2719751.38241678,0.0,0.0,0.3694677905,-0.0090823625,-0.0097925565,0.3694677905,0.3694677905,0.3165614429
2025-12-26,FGI,equity_sub,2720849.50291362,0.0,0.0004037577,0.3700207236,-0.0086822719,-0.0093927526,0.3700207236,0.3700207236,0.3165614429
2025-12-27,FGI,equity_sub,2720849.50291362,0.0,0.0,0.3700207236,-0.0086822719,-0.0093927526,0.3700207236,0.3700207236,0.3165614429
2025-12-28,FGI,equity_sub,2720849.50291362,0.0,0.0,0.3700207236,-0.0086822719,-0.0093927526,0.3700207236,0.3700207236,0.3165614429
2025-12-29,FGI,equity_sub,2702308.9166213,0.0,-0.0068142638,0.360685041,-0.0154373724,-0.0161430117,0.360685041,0.360685041,0.3165614429
2025-12-30,FGI,equity_sub,2706143.69425976,0.0,0.0014190745,0.3626159544,-0.0140402047,-0.0147468454,0.3626159544,0.3626159544,0.3165614429
2025-12-31,FGI,equity_sub,2691875.36951843,0.0,-0.0052725673,0.3554314701,-0.0192387441,-0.0199416589,0.3554314701,0.3554314701,0.3165614429
2026-01-01,FGI,equity_sub,2691875.36951843,0.0,0.0,0.3554314701,0.0,0.0,0.0,0.3554314701,0.3165614429
2026-01-02,FGI,equity_sub,2728174.5573534,0.0,0.0134847208,0.3737090851,0.0134847208,0.0134847208,0.0134847208,0.3737090851,0.3165614429
2026-01-03,FGI,equity_sub,2728174.5573534,0.0,0.0,0.3737090851,0.0134847208,0.0134847208,0.0134847208,0.3737090851,0.3165614429
2026-01-04,FGI,equity_sub,2728174.5573534,0.0,0.0,0.3737090851,0.0134847208,0.0134847208,0.0134847208,0.3737090851,0.3165614429
2026-01-05,FGI,equity_sub,2721762.14524043,0.0,-0.0023504406,0.3704802635,0.0111025852,0.0111025852,0.0111025852,0.3704802635,0.3165614429
2026-01-06,FGI,equity_sub,2764099.65638486,0.0,0.0155551841,0.3917983363,0.0268304721,0.0268304721,0.0268304721,0.3917983363,0.3165614429
2026-01-07,FGI,equity_sub,2772643.24698527,0.0,0.0030909127,0.3961002634,0.0300043153,0.0300043153,0.0300043153,0.3961002634,0.3165614429
2026-01-08,FGI,equity_sub,2776406.24892658,0.0,0.0013571894,0.3979950358,0.0314022263,0.0314022263,0.0314022263,0.3979950358,0.3165614429
2026-01-09,FGI,equity_sub,2783767.34079936,0.0,0.0026513022,0.4017015431,0.0341367852,0.0341367852,0.0341367852,0.4017015431,0.3165614429
2026-01-10,FGI,equity_sub,2783767.34079936,0.0,0.0,0.4017015431,0.0341367852,0.0341367852,0.0341367852,0.4017015431,0.3165614429
2026-01-11,FGI,equity_sub,2783767.34079936,0.0,0.0,0.4017015431,0.0341367852,0.0341367852,0.0341367852,0.4017015431,0.3165614429
2026-01-12,FGI,equity_sub,2818656.7879495,0.0,0.0125331764,0.4192693158,0.047097804,0.047097804,0.047097804,0.4192693158,0.3165614429
2026-01-13,FGI,equity_sub,2842370.72651242,0.0,0.0084132054,0.4312099201,0.0559072529,0.0559072529,0.0559072529,0.4312099201,0.3165614429
2026-01-14,FGI,equity_sub,2833372.04388942,0.0,-0.0031659074,0.4266788419,0.0525643483,0.0525643483,0.0525643483,0.4266788419,0.3165614429
2026-01-15,FGI,equity_sub,2859007.72639049,0.0,0.0090477643,0.4395870959,0.0620877024,0.0620877024,0.0620877024,0.4395870959,0.3165614429
2026-01-16,FGI,equity_sub,2857985.34442638,0.0,-0.0003576003,0.4390722991,0.0617078996,0.0617078996,0.0617078996,0.4390722991,0.3165614429
2026-01-17,FGI,equity_sub,2857985.34442638,0.0,0.0,0.4390722991,0.0617078996,0.0617078996,0.0617078996,0.4390722991,0.3165614429
2026-01-18,FGI,equity_sub,2857985.34442638,0.0,0.0,0.4390722991,0.0617078996,0.0617078996,0.0617078996,0.4390722991,0.3165614429
2026-01-19,FGI,equity_sub,2836456.33822166,0.0,-0.0075329309,0.4282318669,0.0537101273,0.0537101273,0.0537101273,0.4282318669,0.3165614429
2026-01-20,FGI,equity_sub,2834032.36001051,0.0,-0.0008545798,0.4270113288,0.0528096479,0.0528096479,0.0528096479,0.4270113288,0.3165614429
2026-01-21,FGI,equity_sub,2830609.94579104,0.0,-0.001207613,0.4252880515,0.0515382613,0.0515382613,0.0515382613,0.4252880515,0.3165614429
2026-01-22,FGI,equity_sub,2857451.69391086,0.0,0.0094826729,0.4388035918,0.0615096547,0.0615096547,0.0615096547,0.4388035918,0.3165614429
2026-01-23,FGI,equity_sub,2859939.64278605,0.0,0.000870688,0.4400563408,0.0624338984,0.0624338984,0.0624338984,0.4400563408,0.3165614429
2026-01-24,FGI,equity_sub,2859939.64278605,0.0,0.0,0.4400563408,0.0624338984,0.0624338984,0.0624338984,0.4400563408,0.3165614429
2026-01-25,FGI,equity_sub,2859939.64278605,0.0,0.0,0.4400563408,0.0624338984,0.0624338984,0.0624338984,0.4400563408,0.3165614429
2026-01-26,FGI,equity_sub,2906292.52420432,0.0,0.0162076432,0.4633962602,0.079653448,0.079653448,0.079653448,0.4633962602,0.3165614429
2026-01-27,FGI,equity_sub,2923117.03215564,0.0,0.0057889933,0.4718678514,0.0859035545,0.0859035545,0.0859035545,0.4718678514,0.3165614429
2026-01-28,FGI,equity_sub,2978120.89173625,0.0,0.0188168517,0.4995637704,0.1063368406,0.1063368406,0.1063368406,0.4995637704,0.3165614429
2026-01-29,FGI,equity_sub,2992275.1530678,0.0,0.0047527491,0.5066908207,0.1115949821,0.1115949821,0.1115949821,0.5066908207,0.3165614429
2026-01-30,FGI,equity_sub,3050378.7976093,-100560.1909092,-0.0141887173,0.4853128105,0.095822875,0.095822875,0.095822875,0.4853128105,0.3165614429
2026-01-31,FGI,equity_sub,3050378.7976093,0.0,0.0,0.4853128105,0.095822875,0.095822875,0.095822875,0.4853128105,0.3165614429
2026-02-01,FGI,equity_sub,3050378.7976093,0.0,0.0,0.4853128105,0.0,0.095822875,0.095822875,0.4853128105,0.3165614429
2026-02-02,FGI,equity_sub,2985152.50302129,0.0,-0.0213830147,0.4535523449,-0.0213830147,0.0723908784,0.0723908784,0.4535523449,0.3165614429
2026-02-03,FGI,equity_sub,3018024.98254498,0.0,0.0110119934,0.4695588537,-0.0106064909,0.0842000397,0.0842000397,0.4695588537,0.3165614429
2026-02-04,FGI,equity_sub,3036073.52241874,0.0,0.0059802487,0.478347181,-0.0046896717,0.0906838255,0.0906838255,0.478347181,0.3165614429
2026-02-05,FGI,equity_sub,3060016.40591192,0.0,0.0078861343,0.4900056254,0.0031594792,0.0992851046,0.0992851046,0.4900056254,0.3165614429
2026-02-06,FGI,equity_sub,3030561.24542243,0.0,-0.0096258178,0.4756631027,-0.0064967512,0.0887035864,0.0887035864,0.4756631027,0.3165614429
2026-02-07,FGI,equity_sub,3030561.24542243,0.0,0.0,0.4756631027,-0.0064967512,0.0887035864,0.0887035864,0.4756631027,0.3165614429
2026-02-08,FGI,equity_sub,3030561.24542243,0.0,0.0,0.4756631027,-0.0064967512,0.0887035864,0.0887035864,0.4756631027,0.3165614429
2026-02-09,FGI,equity_sub,2296065.31978354,787784.6957319999,0.0175837958,0.5016108614,0.010972807,0.107847128,0.107847128,0.5016108614,0.3165614429
2026-02-10,FGI,equity_sub,2300794.45639808,0.0,0.0020596699,0.5047036841,0.0130550773,0.1101289274,0.1101289274,0.5047036841,0.3165614429
2026-02-11,FGI,equity_sub,2317482.52514835,0.0,0.0072531767,0.5156175658,0.0204029448,0.1181808886,0.1181808886,0.5156175658,0.3165614429
2026-02-12,FGI,equity_sub,2339100.35944463,0.0,0.0093281542,0.5297554801,0.0299214208,0.1286114524,0.1286114524,0.5297554801,0.3165614429
2026-02-13,FGI,equity_sub,2328099.87364427,0.0,-0.0047028704,0.5225612383,0.0250778338,0.123303739,0.123303739,0.5225612383,0.3165614429
2026-02-14,FGI,equity_sub,2328099.87364427,0.0,0.0,0.5225612383,0.0250778338,0.123303739,0.123303739,0.5225612383,0.3165614429
2026-02-15,FGI,equity_sub,2328099.87364427,0.0,0.0,0.5225612383,0.0250778338,0.123303739,0.123303739,0.5225612383,0.3165614429
2026-02-16,FGI,equity_sub,2338874.03966644,0.0,0.0046278796,0.5296074685,0.0298217707,0.1285022535,0.1285022535,0.5296074685,0.3165614429
2026-02-17,FGI,equity_sub,2350467.35671538,0.0,0.0049567941,0.5371894178,0.0349263851,0.1340960068,0.1340960068,0.5371894178,0.3165614429
2026-02-18,FGI,equity_sub,2343494.98426166,0.0,-0.0029663771,0.5326295344,0.0318564032,0.1307318504,0.1307318504,0.5326295344,0.3165614429
2026-02-19,FGI,equity_sub,2348773.1991268,0.0,0.0022522834,0.5360814504,0.0341804363,0.133278579,0.133278579,0.5360814504,0.3165614429
2026-02-20,FGI,equity_sub,2219708.36457755,128273.08303563,-0.0003370915,0.5355636504,0.0338318229,0.1328965604,0.1328965604,0.5355636504,0.3165614429
2026-02-21,FGI,equity_sub,2219708.36457755,0.0,0.0,0.5355636504,0.0338318229,0.1328965604,0.1328965604,0.5355636504,0.3165614429
2026-02-22,FGI,equity_sub,2219708.36457755,0.0,0.0,0.5355636504,0.0338318229,0.1328965604,0.1328965604,0.5355636504,0.3165614429
2026-02-23,FGI,equity_sub,2423530.68767448,-164566.77507341,0.0176850025,0.5627200974,0.0521151412,0.152931839,0.152931839,0.5627200974,0.3165614429
2026-02-24,FGI,equity_sub,2418058.5934363,0.0,-0.0022579018,0.559191629,0.0497395686,0.1503286321,0.1503286321,0.559191629,0.3165614429
2026-02-25,FGI,equity_sub,2407038.51553169,0.0,-0.0045574073,0.5520857576,0.0449554778,0.145086116,0.145086116,0.5520857576,0.3165614429
2026-02-26,FGI,equity_sub,2414966.06756805,0.0,0.0032934878,0.5571975332,0.048397026,0.1488574432,0.1488574432,0.5571975332,0.3165614429
2026-02-27,FGI,equity_sub,2449888.49038836,0.0,0.0144608338,0.5797159078,0.0635577211,0.1654708797,0.1654708797,0.5797159078,0.3165614429
2026-02-28,FGI,equity_sub,2449888.49038836,0.0,0.0,0.5797159078,0.0635577211,0.1654708797,0.1654708797,0.5797159078,0.3165614429
2026-03-01,FGI,equity_sub,2449888.49038836,0.0,0.0,0.5797159078,0.0,0.1654708797,0.1654708797,0.5797159078,0.3165614429
2026-03-02,FGI,equity_sub,2406801.2300615,0.0,-0.0175874373,0.5519327533,-0.0175874373,0.1449732336,0.1449732336,0.5519327533,0.3165614429
2026-03-03,FGI,equity_sub,2357959.72216452,0.0,-0.0202931207,0.5204391946,-0.0375236541,0.1217381536,0.1217381536,0.5204391946,0.3165614429
2026-03-04,FGI,equity_sub,2301928.01700832,0.0,-0.0237627915,0.4843093151,-0.0603947788,0.0950825237,0.0950825237,0.4843093151,0.3165614429
2026-03-05,FGI,equity_sub,2315458.18622848,0.0,0.0058777551,0.4930337218,-0.0548720094,0.1015191507,0.1015191507,0.4930337218,0.3165614429
2026-03-06,FGI,equity_sub,2319493.70078524,0.0,0.0017428579,0.4956358673,-0.0532247856,0.103438942,0.103438942,0.4956358673,0.3165614429
2026-03-07,FGI,equity_sub,2319493.70078524,0.0,0.0,0.4956358673,-0.0532247856,0.103438942,0.103438942,0.4956358673,0.3165614429
2026-03-08,FGI,equity_sub,2319493.70078524,0.0,0.0,0.4956358673,-0.0532247856,0.103438942,0.103438942,0.4956358673,0.3165614429
2026-03-09,FGI,equity_sub,2254532.9082383,0.0,-0.0280064535,0.4537484109,-0.0797406016,0.0725355305,0.0725355305,0.4537484109,0.3165614429
2026-03-10,FGI,equity_sub,2295623.83020137,0.0,0.0182259136,0.4802443038,-0.0629680334,0.0920834704,0.0920834704,0.4802443038,0.3165614429
2026-03-11,FGI,equity_sub,2271266.16513913,0.0,-0.0106104775,0.4645382049,-0.07291039,0.0804959433,0.0804959433,0.4645382049,0.3165614429
2026-03-12,FGI,equity_sub,2231844.87917661,0.0,-0.0173565241,0.4391189123,-0.0890014432,0.0617422894,0.0617422894,0.4391189123,0.3165614429
2026-03-13,FGI,equity_sub,2213934.81419344,0.0,-0.0080247804,0.427570299,-0.0963120065,0.0532220407,0.0532220407,0.427570299,0.3165614429
2026-03-14,FGI,equity_sub,2213934.81419344,0.0,0.0,0.427570299,-0.0963120065,0.0532220407,0.0532220407,0.427570299,0.3165614429
2026-03-15,FGI,equity_sub,2213934.81419344,0.0,0.0,0.427570299,-0.0963120065,0.0532220407,0.0532220407,0.427570299,0.3165614429
2026-03-16,FGI,equity_sub,2229363.49449798,0.0,0.0069688955,0.4375188872,-0.0900142993,0.0605618351,0.0605618351,0.4375188872,0.3165614429
2026-03-17,FGI,equity_sub,2253905.17487344,0.0,0.0110083799,0.4533436413,-0.079996831,0.0722369027,0.0722369027,0.4533436413,0.3165614429
2026-03-18,FGI,equity_sub,2275437.73014768,0.0,0.0095534433,0.4672280774,-0.0712076329,0.0824804571,0.0824804571,0.4672280774,0.3165614429
2026-03-19,FGI,equity_sub,2187146.26345931,0.0,-0.0388019701,0.4102967375,-0.1072466065,0.0404780828,0.0404780828,0.4102967375,0.3165614429
2026-03-20,FGI,equity_sub,2170669.71211723,0.0,-0.007533356,0.3996724701,-0.1139720356,0.0326397911,0.0326397911,0.3996724701,0.3165614429
2026-03-21,FGI,equity_sub,2170669.71211723,0.0,0.0,0.3996724701,-0.1139720356,0.0326397911,0.0326397911,0.3996724701,0.3165614429
2026-03-22,FGI,equity_sub,2170669.71211723,0.0,0.0,0.3996724701,-0.1139720356,0.0326397911,0.0326397911,0.3996724701,0.3165614429
2026-03-23,FGI,equity_sub,2102248.76478317,0.0,-0.0315206625,0.3555538666,-0.141900224,9.03008e-05,9.03008e-05,0.3555538666,0.3165614429
2026-03-24,FGI,equity_sub,2137295.02685876,0.0,0.0166708444,0.3781520942,-0.1275949762,0.0167626506,0.0167626506,0.3781520942,0.3165614429
2026-03-25,FGI,equity_sub,2149618.37260651,0.0,0.0057658609,0.3860983274,-0.1225648102,0.0226251625,0.0226251625,0.3860983274,0.3165614429
2026-03-26,FGI,equity_sub,2116485.18114582,0.0,-0.0154135226,0.3647336695,-0.1360891773,0.0068629064,0.0068629064,0.3647336695,0.3165614429
2026-03-27,FGI,equity_sub,2104626.12153199,0.0,-0.0056031858,0.3570868132,-0.1409298302,0.0012212665,0.0012212665,0.3570868132,0.3165614429
2026-03-28,FGI,equity_sub,2104626.12153199,0.0,0.0,0.3570868132,-0.1409298302,0.0012212665,0.0012212665,0.3570868132,0.3165614429
2026-03-29,FGI,equity_sub,2102674.43011858,0.0,-0.000927334,0.3558283405,-0.1417264752,0.0002928,0.0002928,0.3558283405,0.3165614429
2026-03-30,FGI,equity_sub,2092495.3054812,0.0,-0.004841037,0.3492647253,-0.145881409,-0.0045496544,-0.0045496544,0.3492647253,0.3165614429
2026-03-31,FGI,equity_sub,2098987.56286516,0.0,0.0031026389,0.3534510066,-0.1432313874,-0.0014611314,-0.0014611314,0.3534510066,0.3165614429
2026-04-01,FGI,equity_sub,2153541.37322131,0.0,0.0259905353,0.3886279228,0.0259905353,0.0259905353,0.0244914283,0.3886279228,0.3165614429
2026-04-02,FGI,equity_sub,2130503.27839675,0.0,-0.0106977721,0.3737726977,0.0150147224,0.0150147224,0.0135316525,0.3737726977,0.3165614429
2026-04-03,FGI,equity_sub,2128159.88926919,0.0,-0.0010999228,0.3722616538,0.0138982845,0.0138982845,0.0124168459,0.3722616538,0.3165614429
2026-04-04,FGI,equity_sub,2128035.17873275,0.0,-5.86002e-05,0.372181239,0.0138388699,0.0138388699,0.0123575181,0.372181239,0.3165614429
2026-04-05,FGI,equity_sub,2128035.17873275,0.0,0.0,0.372181239,0.0138388699,0.0138388699,0.0123575181,0.372181239,0.3165614429
