date,portfolio,scope,position_count,total_market_value_usd,total_cost_basis_usd,total_unrealized_pnl_usd,total_realized_pnl_usd,total_pnl_usd,daily_return_pct
2025-01-01,FGI,equity_sub,9,2228235.2872097,2192365.04758702,35870.23962268,0.0,35870.23962268,
2025-01-02,FGI,equity_sub,9,2191114.92593386,2191114.9346365,-0.00870264,0.0,-0.00870264,-0.01665909
2025-01-03,FGI,equity_sub,9,2192952.13577327,2188615.72315292,4336.41262036,0.0,4336.41262036,0.00083848
2025-01-04,FGI,equity_sub,9,2192952.13577327,2188615.72315292,4336.41262036,0.0,4336.41262036,0.0
2025-01-05,FGI,equity_sub,9,2192952.13577327,2188615.72315292,4336.41262036,0.0,4336.41262036,0.0
2025-01-06,FGI,equity_sub,9,2189409.2034153,2188404.7072976,1004.49611769,0.0,1004.49611769,-0.0016156
2025-01-07,FGI,equity_sub,9,2155772.64411884,2189035.21711782,-33262.57299898,0.0,-33262.57299898,-0.0153633
2025-01-08,FGI,equity_sub,9,2146391.40231025,2188711.33880815,-42319.93649789,0.0,-42319.93649789,-0.00435168
2025-01-09,FGI,equity_sub,9,2144929.62000588,2187946.1548558,-43016.53484993,0.0,-43016.53484993,-0.00068104
2025-01-10,FGI,equity_sub,9,2130237.77547391,2187122.38318814,-56884.60771422,0.0,-56884.60771422,-0.00684957
2025-01-11,FGI,equity_sub,9,2130237.77547391,2187122.38318814,-56884.60771422,0.0,-56884.60771422,0.0
2025-01-12,FGI,equity_sub,9,2130237.77547391,2187122.38318814,-56884.60771422,0.0,-56884.60771422,0.0
2025-01-13,FGI,equity_sub,9,2109052.24508841,2186001.61867799,-76949.37358959,0.0,-76949.37358959,-0.00994515
2025-01-14,FGI,equity_sub,9,2133810.55653486,2186302.16368367,-52491.6071488,0.0,-52491.6071488,0.01173907
2025-01-15,FGI,equity_sub,9,2139474.72084279,2185749.00830209,-46274.2874593,0.0,-46274.2874593,0.00265448
2025-01-16,FGI,equity_sub,9,2162087.58094824,2186299.37403563,-24211.79308739,0.0,-24211.79308739,0.01056935
2025-01-17,FGI,equity_sub,9,2159190.69748443,2185552.44959785,-26361.75211343,0.0,-26361.75211343,-0.00133985
2025-01-18,FGI,equity_sub,9,2159190.69748443,2185552.44959785,-26361.75211343,0.0,-26361.75211343,0.0
2025-01-19,FGI,equity_sub,9,2159190.69748443,2185552.44959785,-26361.75211343,0.0,-26361.75211343,0.0
2025-01-20,FGI,equity_sub,9,2190389.05731669,2186515.71558268,3873.341734,0.0,3873.341734,0.0144491
2025-01-21,FGI,equity_sub,9,2192140.16829151,2187577.8923775,4562.27591399,0.0,4562.27591399,0.00079945
2025-01-22,FGI,equity_sub,9,2172945.72193421,2186113.97392359,-13168.25198939,0.0,-13168.25198939,-0.00875603
2025-01-23,FGI,equity_sub,9,2169496.41581798,2185566.65314454,-16070.23732656,0.0,-16070.23732656,-0.00158739
2025-01-24,FGI,equity_sub,9,2201073.3028876,2185128.89796304,15944.40492455,0.0,15944.40492455,0.01455494
2025-01-25,FGI,equity_sub,9,2201073.3028876,2185128.89796304,15944.40492455,0.0,15944.40492455,0.0
2025-01-26,FGI,equity_sub,9,2201073.3028876,2185128.89796304,15944.40492455,0.0,15944.40492455,0.0
2025-01-27,FGI,equity_sub,9,2223124.50140807,2185538.50135756,37586.00005051,0.0,37586.00005051,0.01001838
2025-01-28,FGI,equity_sub,9,2229112.22746216,2185406.6168735,43705.61058866,0.0,43705.61058866,0.00269338
2025-01-29,FGI,equity_sub,9,2228574.13937593,2184879.07893725,43695.06043868,0.0,43695.06043868,-0.00024139
2025-01-30,FGI,equity_sub,9,2227944.98859969,2184262.26375295,43682.72484674,0.0,43682.72484674,-0.00028231
2025-01-31,FGI,equity_sub,9,2228116.76346097,2184430.6706702,43686.09279075,0.0,43686.09279075,7.71e-05
2025-02-01,FGI,equity_sub,9,2228116.76346097,2184430.6706702,43686.09279075,0.0,43686.09279075,0.0
2025-02-02,FGI,equity_sub,9,2228116.76346097,2184430.6706702,43686.09279075,0.0,43686.09279075,0.0
2025-02-03,FGI,equity_sub,9,2241819.66463832,2183516.86264343,58302.80199489,0.0,58302.80199489,0.00614999
2025-02-04,FGI,equity_sub,9,2152277.87147512,2069256.27052929,83021.60094584,22513.21738682,105534.81833267,-0.03994157
2025-02-05,FGI,equity_sub,9,2134556.6358918,2070930.42702606,63626.20886575,22531.43197421,86157.64083995,-0.00823371
2025-02-06,FGI,equity_sub,9,2149057.85288009,2071143.09033167,77914.76254843,22533.74572108,100448.50826951,0.00679355
2025-02-07,FGI,equity_sub,9,2172999.06955404,2071036.63853921,101962.43101483,22532.58754054,124495.01855537,0.01114033
2025-02-08,FGI,equity_sub,9,2172999.06955404,2071036.63853921,101962.43101483,22532.58754054,124495.01855537,0.0
2025-02-09,FGI,equity_sub,9,2172999.06955404,2071036.63853921,101962.43101483,22532.58754054,124495.01855537,0.0
2025-02-10,FGI,equity_sub,8,2105676.90133253,1962395.3906974,143281.51063514,22521.481538,165802.99217313,-0.03098122
2025-02-11,FGI,equity_sub,8,2102091.61552149,1962707.70979636,139383.90572513,22525.06587622,161908.97160136,-0.00170268
2025-02-12,FGI,equity_sub,7,2020697.51329875,1836796.35537451,183901.15792422,22517.4631891,206418.62111332,-0.03872053
2025-02-13,FGI,equity_sub,7,2012942.00793129,1837338.68182507,175603.32610621,22524.11162122,198127.43772743,-0.00383803
2025-02-14,FGI,equity_sub,7,2087593.45926084,1837676.06441864,249917.3948422,22528.24762688,272445.64246908,0.03708574
2025-02-15,FGI,equity_sub,7,2087593.45926084,1837676.06441864,249917.3948422,22528.24762688,272445.64246908,0.0
2025-02-16,FGI,equity_sub,7,2087593.45926084,1837676.06441864,249917.3948422,22528.24762688,272445.64246908,0.0
2025-02-17,FGI,equity_sub,7,2113177.52040837,1838922.79727047,274254.7231379,22543.53144483,296798.25458273,0.01225529
2025-02-18,FGI,equity_sub,7,2140056.79431699,1839537.42132003,300519.37299695,22551.06618017,323070.43917712,0.01271984
2025-02-19,FGI,equity_sub,7,2132363.36067759,1840890.78726255,291472.57341505,22567.65722343,314040.23063848,-0.00359497
2025-02-20,FGI,equity_sub,7,2097390.98100793,1840081.45517093,257309.525837,22557.73554348,279867.26138048,-0.01640076
2025-02-21,FGI,equity_sub,7,1907857.4567714,1575619.94128786,332237.51548354,56535.68520432,388773.20068786,-0.09036633
2025-02-22,FGI,equity_sub,7,1907857.4567714,1575619.94128786,332237.51548354,56535.68520432,388773.20068786,0.0
2025-02-23,FGI,equity_sub,7,1907857.4567714,1575619.94128786,332237.51548354,56535.68520432,388773.20068786,0.0
2025-02-24,FGI,equity_sub,7,1865198.6976174,1576854.96178925,288343.73582815,56579.9996538,344923.73548195,-0.02235951
2025-02-25,FGI,equity_sub,7,1834411.90024134,1575970.63946203,258441.26077932,56548.26879829,314989.52957759,-0.01650591
2025-02-26,FGI,equity_sub,7,1865714.12496621,1576106.46484981,289607.66011641,56553.14242368,346160.80254009,0.0170639
2025-02-27,FGI,equity_sub,7,1860551.46277203,1576146.99255312,284404.47021891,56554.59662048,340959.06683939,-0.00276712
2025-02-28,FGI,equity_sub,8,2019549.83377782,1776489.51178778,243060.32199004,56527.03194208,299587.35393212,0.08545766
2025-03-01,FGI,equity_sub,8,2019549.83377782,1776489.51178778,243060.32199004,56527.03194208,299587.35393212,0.0
2025-03-02,FGI,equity_sub,8,2019549.83377782,1776489.51178778,243060.32199004,56527.03194208,299587.35393212,0.0
2025-03-03,FGI,equity_sub,8,2024523.18116037,1776279.52842876,248243.6527316,56520.35037376,304764.00310536,0.0024626
2025-03-04,FGI,equity_sub,8,2024579.65180069,1776407.37081593,248172.28098476,56524.41825632,304696.69924108,2.789e-05
2025-03-05,FGI,equity_sub,7,1877021.08450557,1606761.01061517,270260.0738904,75065.42132232,345325.49521272,-0.07288356
2025-03-06,FGI,equity_sub,7,1934131.08710102,1607178.78703847,326952.30006254,75084.93919897,402037.23926152,0.03042587
2025-03-07,FGI,equity_sub,7,1928116.74254184,1606765.29039732,321351.45214451,75065.62126721,396417.07341171,-0.00310958
2025-03-08,FGI,equity_sub,7,1928116.74254184,1606765.29039732,321351.45214451,75065.62126721,396417.07341171,0.0
2025-03-09,FGI,equity_sub,7,1928116.74254184,1606765.29039732,321351.45214451,75065.62126721,396417.07341171,0.0
2025-03-10,FGI,equity_sub,7,1899901.76449881,1607013.35166606,292888.41283277,75077.21031096,367965.62314373,-0.01463344
2025-03-11,FGI,equity_sub,7,1886472.98774253,1607427.03438469,279045.95335784,75096.536936,354142.49029383,-0.00706814
2025-03-12,FGI,equity_sub,7,1877499.85356418,1607157.94511134,270341.90845285,75083.96549597,345425.87394882,-0.00475657
2025-03-13,FGI,equity_sub,7,1874609.2899932,1607406.37728619,267202.912707,75095.57186789,342298.48457489,-0.00153958
2025-03-14,FGI,equity_sub,7,1610867.11649152,1390993.83357471,219873.2829168,151930.67804221,371803.96095902,-0.14069181
2025-03-15,FGI,equity_sub,7,1610867.11649152,1390993.83357471,219873.2829168,151930.67804221,371803.96095902,0.0
2025-03-16,FGI,equity_sub,7,1610867.11649152,1390993.83357471,219873.2829168,151930.67804221,371803.96095902,0.0
2025-03-17,FGI,equity_sub,7,1629600.96943267,1390795.21447262,238805.75496005,151908.98395982,390714.73891987,0.01162967
2025-03-18,FGI,equity_sub,7,1870342.56673959,1594000.46877455,276342.09796506,151956.29562552,428298.39359057,0.1477304
2025-03-19,FGI,equity_sub,7,1864051.46998222,1594123.57185499,269927.89812722,151968.03106001,421895.92918722,-0.00336361
2025-03-20,FGI,equity_sub,7,1838415.97383639,1594080.5693814,244335.40445499,151963.93162796,396299.33608295,-0.01375257
2025-03-21,FGI,equity_sub,7,1822059.01342576,1593528.72350175,228530.28992399,151911.3240803,380441.6140043,-0.00889731
2025-03-22,FGI,equity_sub,7,1822059.01342576,1593528.72350175,228530.28992399,151911.3240803,380441.6140043,0.0
2025-03-23,FGI,equity_sub,7,1822059.01342576,1593528.72350175,228530.28992399,151911.3240803,380441.6140043,0.0
2025-03-24,FGI,equity_sub,7,1820395.63476568,1593438.65599191,226956.97877377,151902.73793155,378859.71670532,-0.00091291
2025-03-25,FGI,equity_sub,7,1795550.749269,1593241.7269822,202309.02228681,151883.96466052,354192.98694733,-0.01364807
2025-03-26,FGI,equity_sub,7,1808644.39078697,1592872.96891171,215771.42187527,151848.81090023,367620.2327755,0.00729227
2025-03-27,FGI,equity_sub,7,1828700.34717583,1592872.96891171,235827.37826412,151848.81090023,387676.18916436,0.01108894
2025-03-28,FGI,equity_sub,7,1820594.99135133,1592791.02157286,227803.96977848,151840.99884854,379644.96862703,-0.0044323
2025-03-29,FGI,equity_sub,7,1820594.99135133,1592791.02157286,227803.96977848,151840.99884854,379644.96862703,0.0
2025-03-30,FGI,equity_sub,7,1820594.99135133,1592791.02157286,227803.96977848,151840.99884854,379644.96862703,0.0
2025-03-31,FGI,equity_sub,7,1820462.34523557,1592279.22661595,228183.11861963,151792.20936116,379975.32798077,-7.286e-05
2025-04-01,FGI,equity_sub,7,1616527.8341193,1384672.84720459,231854.98691472,168191.66260065,400046.64951537,-0.11202347
2025-04-02,FGI,equity_sub,7,1614992.62316631,1384316.98241181,230675.64075447,168148.43687316,398824.07762764,-0.0009497
2025-04-03,FGI,equity_sub,7,1595913.33288335,1383907.98765044,212005.3452329,168098.75762289,380104.10285579,-0.01181386
2025-04-04,FGI,equity_sub,7,1597103.38014697,1384939.9458902,212163.43425677,168224.10620068,380387.54045744,0.00074568
2025-04-05,FGI,equity_sub,7,1597103.38014697,1384939.9458902,212163.43425677,168224.10620068,380387.54045744,0.0
2025-04-06,FGI,equity_sub,7,1597103.38014697,1384939.9458902,212163.43425677,168224.10620068,380387.54045744,0.0
2025-04-07,FGI,equity_sub,7,1419814.86764845,1386028.72783896,33786.13980946,168356.35696772,202142.49677721,-0.11100628
2025-04-08,FGI,equity_sub,7,1427862.43777022,1386635.31885893,41227.11891128,168430.0375865,209657.15649777,0.00566804
2025-04-09,FGI,equity_sub,7,1421711.83808032,1386419.4240971,35292.41398321,168403.81355892,203696.22754213,-0.00430756
2025-04-10,FGI,equity_sub,7,1451550.00215121,1387955.72493579,63594.27721544,168590.4229756,232184.70019103,0.02098749
2025-04-11,FGI,equity_sub,7,1457944.2130055,1388594.41993484,69349.79307066,168668.00315925,238017.79622991,0.00440509
2025-04-12,FGI,equity_sub,7,1457944.2130055,1388594.41993484,69349.79307066,168668.00315925,238017.79622991,0.0
2025-04-13,FGI,equity_sub,7,1457944.2130055,1388594.41993484,69349.79307066,168668.00315925,238017.79622991,0.0
2025-04-14,FGI,equity_sub,7,1498765.56564804,1389058.15077943,109707.41486861,168724.33102175,278431.74589036,0.02799926
2025-04-15,FGI,equity_sub,7,1509988.92600791,1388884.47280931,121104.45319862,168703.2349292,289807.68812781,0.0074884
2025-04-16,FGI,equity_sub,7,1508223.67859663,1388707.26267974,119516.4159169,168681.70979683,288198.12571373,-0.00116905
2025-04-17,FGI,equity_sub,7,1523851.49201252,1387839.35110869,136012.14090384,168576.28742907,304588.4283329,0.01036173
2025-04-18,FGI,equity_sub,7,1523851.49201252,1387839.35110869,136012.14090384,168576.28742907,304588.4283329,0.0
2025-04-19,FGI,equity_sub,7,1523851.49201252,1387839.35110869,136012.14090384,168576.28742907,304588.4283329,0.0
2025-04-20,FGI,equity_sub,7,1523851.49201252,1387839.35110869,136012.14090384,168576.28742907,304588.4283329,0.0
2025-04-21,FGI,equity_sub,7,1523851.49201252,1387839.35110869,136012.14090384,168576.28742907,304588.4283329,0.0
2025-04-22,FGI,equity_sub,7,1529533.49033049,1388259.7427126,141273.74761789,168627.35101636,309901.09863425,0.00372871
2025-04-23,FGI,equity_sub,7,1539416.52409097,1388438.71838327,150977.80570771,168649.0906032,319626.89631091,0.00646147
2025-04-24,FGI,equity_sub,7,1530840.54726961,1388259.7427126,142580.80455701,168627.35101636,311208.15557338,-0.00557093
2025-04-25,FGI,equity_sub,7,1533623.43069076,1388454.7698342,145168.66085656,168651.04032023,313819.70117678,0.00181788
2025-04-26,FGI,equity_sub,7,1533623.43069076,1388454.7698342,145168.66085656,168651.04032023,313819.70117678,0.0
2025-04-27,FGI,equity_sub,7,1533623.43069076,1388454.7698342,145168.66085656,168651.04032023,313819.70117678,0.0
2025-04-28,FGI,equity_sub,7,1540672.36527772,1388703.57001658,151968.79526113,168681.26126116,320650.0565223,0.00459626
2025-04-29,FGI,equity_sub,7,1542057.38273844,1388760.87523679,153296.50750164,168688.22193803,321984.72943968,0.00089897
2025-04-30,FGI,equity_sub,7,1546305.39851175,1388367.12833046,157938.27018131,168640.39479464,326578.66497593,0.00275477
2025-05-01,FGI,equity_sub,7,1547033.19649946,1389020.5896733,158012.60682615,168719.76859756,326732.37542371,0.00047067
2025-05-02,FGI,equity_sub,7,1562482.8803828,1388671.30661098,173811.5737718,168677.34233126,342488.91610307,0.00998665
2025-05-03,FGI,equity_sub,7,1562482.8803828,1388671.30661098,173811.5737718,168677.34233126,342488.91610307,0.0
2025-05-04,FGI,equity_sub,7,1562482.8803828,1388671.30661098,173811.5737718,168677.34233126,342488.91610307,0.0
2025-05-05,FGI,equity_sub,7,1563833.64100785,1389871.80777851,173961.83322936,168823.16326486,342784.99649422,0.0008645
2025-05-06,FGI,equity_sub,7,1581903.87378636,1389871.80777851,192032.06600784,168823.16326486,360855.22927272,0.01155509
2025-05-07,FGI,equity_sub,7,1591025.17072057,1389656.71553533,201368.45518525,168797.03671658,370165.49190182,0.00576602
2025-05-08,FGI,equity_sub,7,1592276.78151337,1388386.87244453,203889.90906884,168642.79304731,372532.70211615,0.00078667
2025-05-09,FGI,equity_sub,7,1599227.61388643,1385479.60146575,213748.01242069,168289.65639086,382037.66881156,0.00436534
2025-05-10,FGI,equity_sub,7,1599227.61388643,1385479.60146575,213748.01242069,168289.65639086,382037.66881156,0.0
2025-05-11,FGI,equity_sub,7,1599227.61388643,1385479.60146575,213748.01242069,168289.65639086,382037.66881156,0.0
2025-05-12,FGI,equity_sub,7,1637461.20483705,1385093.07830477,252368.12653228,168242.70669209,420610.83322437,0.02390754
2025-05-13,FGI,equity_sub,7,1612877.28283527,1382630.91973705,230246.36309821,167943.63637816,398189.99947638,-0.01501344
2025-05-14,FGI,equity_sub,13,2172143.76698624,1909008.26314928,263135.50383696,167817.60531439,430953.10915135,0.3467508
2025-05-15,FGI,equity_sub,13,2162384.49657522,1907408.4745403,254976.02203491,167676.97067253,422652.99270744,-0.00449292
2025-05-16,FGI,equity_sub,13,2156670.20967766,1906914.76602347,249755.44365423,167633.56961315,417389.01326737,-0.00264259
2025-05-17,FGI,equity_sub,13,2156670.20967766,1906914.76602347,249755.44365423,167633.56961315,417389.01326737,0.0
2025-05-18,FGI,equity_sub,13,2156670.20967766,1906914.76602347,249755.44365423,167633.56961315,417389.01326737,0.0
2025-05-19,FGI,equity_sub,13,2160560.70639334,1904857.64149757,255703.06489574,167452.73136407,423155.79625982,0.00180394
2025-05-20,FGI,equity_sub,13,2187843.00182695,1903062.67594263,284780.3258843,167294.93905543,452075.26493974,0.01262741
2025-05-21,FGI,equity_sub,15,2507124.31626189,2207422.10030269,299702.21595916,167141.0656767,466843.28163586,0.14593429
2025-05-22,FGI,equity_sub,15,2487504.37720709,2207413.60344008,280090.77376699,167140.42231325,447231.19608026,-0.00782567
2025-05-23,FGI,equity_sub,15,2500066.11656137,2207484.15833203,292581.95822934,167145.76457192,459727.72280125,0.00504994
2025-05-24,FGI,equity_sub,15,2500066.11656137,2207484.15833203,292581.95822934,167145.76457192,459727.72280125,0.0
2025-05-25,FGI,equity_sub,15,2500066.11656137,2207484.15833203,292581.95822934,167145.76457192,459727.72280125,0.0
2025-05-26,FGI,equity_sub,15,2499133.52327002,2206807.4455215,292326.07774853,167094.52539102,459420.60313955,-0.00037303
2025-05-27,FGI,equity_sub,15,2510833.92638735,2205027.85826133,305806.06812603,166959.7790228,472765.84714883,0.00468178
2025-05-28,FGI,equity_sub,15,2504281.6488553,2204605.81458518,299675.83427012,166927.82281933,466603.65708947,-0.0026096
2025-05-29,FGI,equity_sub,15,2519523.8863994,2205706.11595599,313817.77044342,167011.13517888,480828.9056223,0.00608647
2025-05-30,FGI,equity_sub,15,2487605.8143572,2203846.70277119,283759.11158601,166870.34457014,450629.45615614,-0.0126683
2025-05-31,FGI,equity_sub,15,2487605.8143572,2203846.70277119,283759.11158601,166870.34457014,450629.45615614,0.0
2025-06-01,FGI,equity_sub,15,2487605.8143572,2203846.70277119,283759.11158601,166870.34457014,450629.45615614,0.0
2025-06-02,FGI,equity_sub,17,2677108.35775198,2396886.43795469,280221.91979733,166849.07288397,447070.99268128,0.07617869
2025-06-03,FGI,equity_sub,17,2707428.85406158,2396122.34959484,311306.50446675,166795.8841169,478102.38858364,0.01132584
2025-06-04,FGI,equity_sub,17,2717985.78956569,2395951.49393163,322034.29563404,166783.99072531,488818.28635935,0.00389925
2025-06-05,FGI,equity_sub,17,2733207.26127284,2396385.35570174,336821.90557109,166814.19217039,503636.09774147,0.00560028
2025-06-06,FGI,equity_sub,17,2723840.33252791,2395633.86859789,328206.46393001,166761.88058626,494968.34451626,-0.00342708
2025-06-07,FGI,equity_sub,17,2723840.33252791,2395633.86859789,328206.46393001,166761.88058626,494968.34451626,0.0
2025-06-08,FGI,equity_sub,17,2723840.33252791,2395633.86859789,328206.46393001,166761.88058626,494968.34451626,0.0
2025-06-09,FGI,equity_sub,17,2746168.40925708,2395420.16039382,350748.24886326,166747.00419697,517495.25306023,0.00819728
2025-06-10,FGI,equity_sub,17,2747905.00480112,2395231.09832171,352673.90647944,166733.84344353,519407.74992297,0.00063237
2025-06-11,FGI,equity_sub,17,2768947.83295592,2395148.75031678,373799.08263916,166728.11113679,540527.19377594,0.00765777
2025-06-12,FGI,equity_sub,17,2738046.63265812,2394901.42999164,343145.20266651,166710.89498241,509856.09764891,-0.01115991
2025-06-13,FGI,equity_sub,17,2748445.37569129,2394797.79669094,353647.57900035,166703.68099016,520351.25999051,0.00379787
2025-06-14,FGI,equity_sub,17,2748445.37569129,2394797.79669094,353647.57900035,166703.68099016,520351.25999051,0.0
2025-06-15,FGI,equity_sub,17,2748445.37569129,2394797.79669094,353647.57900035,166703.68099016,520351.25999051,0.0
2025-06-16,FGI,equity_sub,17,2756414.70293543,2394718.24938282,361696.45355259,166698.14364204,528394.59719466,0.00289958
2025-06-17,FGI,equity_sub,17,2735649.59413221,2394596.40967318,341053.184459,166689.66228796,507742.84674695,-0.00753338
2025-06-18,FGI,equity_sub,17,2717226.91120007,2394596.40967318,322630.50152689,166689.66228796,489320.16381486,-0.0067343
2025-06-19,FGI,equity_sub,17,2672373.17600465,2394568.96096477,277804.21503989,166687.75156267,444491.96660255,-0.01650717
2025-06-20,FGI,equity_sub,17,2692474.47262231,2394626.66095808,297847.81166422,166691.76810272,464539.57976696,0.00752189
2025-06-21,FGI,equity_sub,17,2692474.47262231,2394626.66095808,297847.81166422,166691.76810272,464539.57976696,0.0
2025-06-22,FGI,equity_sub,17,2692474.47262231,2394626.66095808,297847.81166422,166691.76810272,464539.57976696,0.0
2025-06-23,FGI,equity_sub,17,2701041.61059458,2394587.16737368,306454.44322087,166689.01892452,473143.46214539,0.00318188
2025-06-24,FGI,equity_sub,17,2740240.68212035,2394574.84242809,345665.83969225,166688.16097577,512354.00066802,0.01451258
2025-06-25,FGI,equity_sub,17,2756171.94823077,2394519.94501122,361652.00321952,166684.33952516,528336.34274469,0.00581382
2025-06-26,FGI,equity_sub,17,2738702.68404405,2394870.90051673,343831.78352733,166708.76980262,510540.55332995,-0.00633823
2025-06-27,FGI,equity_sub,17,2733724.0649681,2394730.57432848,338993.49063963,166699.00159081,505692.49223045,-0.00181787
2025-06-28,FGI,equity_sub,17,2733724.0649681,2394730.57432848,338993.49063963,166699.00159081,505692.49223045,0.0
2025-06-29,FGI,equity_sub,17,2733724.0649681,2394730.57432848,338993.49063963,166699.00159081,505692.49223045,0.0
2025-06-30,FGI,equity_sub,17,2718390.61411847,2394626.66095808,323763.9531604,166691.76810272,490455.72126313,-0.005609
2025-07-01,FGI,equity_sub,17,2718252.30114949,2394504.82124847,323747.47990102,166683.28674864,490430.76664967,-5.088e-05
2025-07-02,FGI,equity_sub,17,2732195.54695014,2395157.71442622,337037.83252392,166728.7351352,503766.56765913,0.00512949
2025-07-03,FGI,equity_sub,17,2721147.32605378,2394535.35072338,326611.97533043,166685.41192841,493297.38725883,-0.00404372
2025-07-04,FGI,equity_sub,17,2712507.82458451,2395175.91895551,317331.90562902,166730.00236622,484061.90799524,-0.00317495
2025-07-05,FGI,equity_sub,17,2712507.82458451,2395175.91895551,317331.90562902,166730.00236622,484061.90799524,0.0
2025-07-06,FGI,equity_sub,17,2712507.82458451,2395175.91895551,317331.90562902,166730.00236622,484061.90799524,0.0
2025-07-07,FGI,equity_sub,17,2715650.77268694,2394535.35072338,321115.42196357,166685.41192841,487800.83389198,0.00115869
2025-07-08,FGI,equity_sub,17,2736287.74708685,2394535.35072338,341752.39636348,166685.41192841,508437.8082919,0.00759927
2025-07-09,FGI,equity_sub,17,2726441.17701023,2394584.08660721,331857.09040303,166688.80447005,498545.89487306,-0.00359851
2025-07-10,FGI,equity_sub,17,2740125.5777706,2394535.35072338,345590.22704721,166685.41192841,512275.63897562,0.00501914
2025-07-11,FGI,equity_sub,17,2755737.10410853,2394596.40967318,361140.69443531,166689.66228796,527830.35672328,0.00569738
2025-07-12,FGI,equity_sub,17,2755737.10410853,2394596.40967318,361140.69443531,166689.66228796,527830.35672328,0.0
2025-07-13,FGI,equity_sub,17,2755737.10410853,2394596.40967318,361140.69443531,166689.66228796,527830.35672328,0.0
2025-07-14,FGI,equity_sub,17,2770497.46965982,2394587.16737368,375910.30228612,166689.01892452,542599.32121065,0.00535623
2025-07-15,FGI,equity_sub,17,2794021.04867441,2394532.26995687,399488.77871754,166685.19747393,566173.97619147,0.00849074
2025-07-16,FGI,equity_sub,17,2792847.46705588,2394565.88019826,398281.58685758,166687.53710818,564969.12396578,-0.00042003
2025-07-17,FGI,equity_sub,17,2789546.97232288,2394535.35072338,395011.62159952,166685.41192841,561697.03352792,-0.00118177
2025-07-18,FGI,equity_sub,17,2811993.30659302,2394931.95946656,417061.34712645,166713.02016218,583774.36728862,0.00804659
2025-07-19,FGI,equity_sub,17,2811993.30659302,2394931.95946656,417061.34712645,166713.02016218,583774.36728862,0.0
2025-07-20,FGI,equity_sub,17,2811993.30659302,2394931.95946656,417061.34712645,166713.02016218,583774.36728862,0.0
2025-07-21,FGI,equity_sub,17,2829041.01568917,2394993.02029606,434047.99539313,166717.27065259,600765.26604569,0.0060625
2025-07-22,FGI,equity_sub,17,1913224.5785959,1615356.29034347,297868.28825242,309370.59127008,607238.87952249,-0.32371975
2025-07-23,FGI,equity_sub,17,1931304.7792813,1615288.4612891,316016.31799222,309357.60075228,625373.91874447,0.00945012
2025-07-24,FGI,equity_sub,17,1939126.90546768,1615341.93206308,323784.97340461,309367.84139394,633152.81479854,0.00405018
2025-07-25,FGI,equity_sub,17,1921677.99991234,1615245.19498719,306432.80492516,309349.31445562,615782.1193808,-0.00899833
2025-07-26,FGI,equity_sub,17,1921677.99991234,1615245.19498719,306432.80492516,309349.31445562,615782.1193808,0.0
2025-07-27,FGI,equity_sub,17,1921677.99991234,1615245.19498719,306432.80492516,309349.31445562,615782.1193808,0.0
2025-07-28,FGI,equity_sub,17,1925581.58995394,1615327.38358991,310254.206364,309365.05509241,619619.26145641,0.00203134
2025-07-29,FGI,equity_sub,17,1922497.62185414,1615393.32339687,307104.29845727,309377.68378439,616481.98224168,-0.00160158
2025-07-30,FGI,equity_sub,17,1919120.06136258,1615306.97718181,303813.08418077,309361.146888,613174.23106876,-0.00175686
2025-07-31,FGI,equity_sub,17,1895667.74967926,1615370.64989186,280297.0997874,309373.34138904,589670.44117644,-0.01222035
2025-08-01,FGI,equity_sub,17,1881417.19906248,1615245.19498719,266172.0040753,309349.31445562,575521.31853095,-0.00751743
2025-08-02,FGI,equity_sub,17,1881417.19906248,1615245.19498719,266172.0040753,309349.31445562,575521.31853095,0.0
2025-08-03,FGI,equity_sub,17,1881417.19906248,1615245.19498719,266172.0040753,309349.31445562,575521.31853095,0.0
2025-08-04,FGI,equity_sub,17,1887213.99592308,1615345.89948265,271868.09644045,309368.60122814,581236.69766858,0.00308108
2025-08-05,FGI,equity_sub,17,1898981.74467049,1615381.04202066,283600.70264983,309375.33167379,592976.03432363,0.00623551
2025-08-06,FGI,equity_sub,17,1908055.18522969,1615265.78905205,292789.39617765,309353.25859975,602142.65477738,0.00477806
2025-08-07,FGI,equity_sub,17,1921333.30240302,1615347.97765478,305985.32474821,309368.99923654,615354.32398473,0.00695898
2025-08-08,FGI,equity_sub,19,2012735.06734675,1724635.33876369,288099.72858307,321817.96420224,609917.69278531,0.04757205
2025-08-09,FGI,equity_sub,19,2012735.06734675,1724635.33876369,288099.72858307,321817.96420224,609917.69278531,0.0
2025-08-10,FGI,equity_sub,19,2012735.06734675,1724635.33876369,288099.72858307,321817.96420224,609917.69278531,0.0
2025-08-11,FGI,equity_sub,19,2020150.4490695,1724573.81348053,295576.63558898,321806.48354838,617383.11913736,0.00368423
2025-08-12,FGI,equity_sub,19,2030458.43275332,1724556.06213204,305902.37062128,321803.17113636,627705.54175765,0.00510258
2025-08-13,FGI,equity_sub,19,2064910.58023575,1724841.69869761,340068.88153815,321856.47108675,661925.35262491,0.01696767
2025-08-14,FGI,equity_sub,19,2055684.00387367,1724661.56170059,331022.44217305,321822.85741763,652845.29959068,-0.00446827
2025-08-15,FGI,equity_sub,19,2046360.43781044,1727875.56971564,318484.86809481,322422.59319545,640907.46129025,-0.00453551
2025-08-16,FGI,equity_sub,19,2046360.43781044,1727875.56971564,318484.86809481,322422.59319545,640907.46129025,0.0
2025-08-17,FGI,equity_sub,19,2046360.43781044,1727875.56971564,318484.86809481,322422.59319545,640907.46129025,0.0
2025-08-18,FGI,equity_sub,19,2036307.24490448,1730059.59475523,306247.65014924,322830.13354686,629077.78369608,-0.00491272
2025-08-19,FGI,equity_sub,19,2033621.2508565,1731119.23099759,302502.01985894,323027.86229024,625529.88214915,-0.00131905
2025-08-20,FGI,equity_sub,18,1974492.63916114,1668225.62061072,306267.01855044,321374.44820089,627641.46675134,-0.02907553
2025-08-21,FGI,equity_sub,18,1982988.64643628,1665513.57368409,317475.07275224,320851.9873456,638327.06009784,0.00430288
2025-08-22,FGI,equity_sub,19,2094090.64781019,1765768.25294561,328322.39486458,320782.2162446,649104.61110918,0.05602755
2025-08-23,FGI,equity_sub,19,2094090.64781019,1765768.25294561,328322.39486458,320782.2162446,649104.61110918,0.0
2025-08-24,FGI,equity_sub,19,2094090.64781019,1765768.25294561,328322.39486458,320782.2162446,649104.61110918,0.0
2025-08-25,FGI,equity_sub,19,2114287.51227444,1765384.19301678,348903.31925767,320712.44514358,669615.76440124,0.00964469
2025-08-26,FGI,equity_sub,19,2093334.59446751,1766039.43799336,327295.15647414,320831.48167933,648126.63815348,-0.00991016
2025-08-27,FGI,equity_sub,19,2077870.31478674,1770372.03257403,307498.28221271,321618.5721083,629116.854321,-0.00738739
2025-08-28,FGI,equity_sub,19,2080431.38206534,1772503.0688818,307928.31318353,322005.71155799,629934.02474151,0.00123254
2025-08-29,FGI,equity_sub,21,2405990.37454327,2092137.4683326,313852.90621069,321595.8629251,635448.76913578,0.15648629
2025-08-30,FGI,equity_sub,21,2405990.37454327,2092137.4683326,313852.90621069,321595.8629251,635448.76913578,0.0
2025-08-31,FGI,equity_sub,21,2405990.37454327,2092137.4683326,313852.90621069,321595.8629251,635448.76913578,0.0
2025-09-01,FGI,equity_sub,21,2440429.31911661,2091769.83257556,348659.48654104,321539.35127597,670198.83781706,0.01431383
2025-09-02,FGI,equity_sub,21,2434235.79675951,2091498.90513656,342736.89162297,321497.7052824,664234.59690537,-0.00253788
2025-09-03,FGI,equity_sub,21,2426678.26447081,2088554.91001997,338123.35445081,321045.16491914,659168.51936997,-0.00310468
2025-09-04,FGI,equity_sub,21,2407341.268707,2090458.69105012,316882.57765689,321337.8073064,638220.38496328,-0.0079685
2025-09-05,FGI,equity_sub,24,2778139.77906611,2459356.04322062,318783.73584551,254827.92700234,573611.66284785,0.15402823
2025-09-06,FGI,equity_sub,24,2778139.77906611,2459356.04322062,318783.73584551,254827.92700234,573611.66284785,0.0
2025-09-07,FGI,equity_sub,24,2778139.77906611,2459356.04322062,318783.73584551,254827.92700234,573611.66284785,0.0
2025-09-08,FGI,equity_sub,24,2800986.99724313,2459930.04285029,341056.95439283,254887.40238255,595944.35677538,0.00822393
2025-09-09,FGI,equity_sub,24,2802277.69203407,2461539.70305874,340737.98897533,255054.18847081,595792.17744616,0.0004608
2025-09-10,FGI,equity_sub,24,2828806.3556989,2463407.77484453,365398.58085436,255247.75005861,620646.33091296,0.00946682
2025-09-11,FGI,equity_sub,24,2824444.5846541,2462709.14181766,361735.44283646,255175.36070022,616910.8035367,-0.00154191
2025-09-12,FGI,equity_sub,24,2829314.12640576,2463025.29962046,366288.82678528,255208.11961601,621496.9464013,0.00172407
2025-09-13,FGI,equity_sub,24,2829314.12640576,2463025.29962046,366288.82678528,255208.11961601,621496.9464013,0.0
2025-09-14,FGI,equity_sub,24,2829314.12640576,2463025.29962046,366288.82678528,255208.11961601,621496.9464013,0.0
2025-09-15,FGI,equity_sub,24,2836796.76178169,2465684.33854128,371112.4232404,255483.63782651,626596.0610669,0.00264468
2025-09-16,FGI,equity_sub,24,2835141.83041432,2465750.94371528,369390.886699,255490.53916904,624881.42586804,-0.00058338
2025-09-17,FGI,equity_sub,24,2845251.25365013,2465598.86637745,379652.38727267,255474.78156744,635127.16884008,0.00356576
2025-09-18,FGI,equity_sub,24,2811088.23365214,2466702.27354954,344385.96010259,255589.11188697,599975.07198955,-0.01200703
2025-09-19,FGI,equity_sub,24,2802560.70582151,2466663.96981945,335896.73600206,255585.14301872,591481.87902078,-0.00303353
2025-09-20,FGI,equity_sub,24,2802560.70582151,2466663.96981945,335896.73600206,255585.14301872,591481.87902078,0.0
2025-09-21,FGI,equity_sub,24,2802560.70582151,2466663.96981945,335896.73600206,255585.14301872,591481.87902078,0.0
2025-09-22,FGI,equity_sub,24,2793761.81964822,2467511.24825282,326250.57139543,255672.93437668,581923.50577209,-0.00313959
2025-09-23,FGI,equity_sub,24,2788180.94436729,2469137.20102296,319043.74334432,255841.40863033,574885.15197465,-0.00199762
2025-09-24,FGI,equity_sub,24,2796944.70658988,2467187.65875521,329757.04783469,255639.40542054,585396.45325525,0.00314318
2025-09-25,FGI,equity_sub,24,2781989.8459475,2466432.42475887,315557.42118865,255561.15131244,571118.57250107,-0.00534686
2025-09-26,FGI,equity_sub,24,2766674.45238722,2464892.22998693,301782.22240027,255401.56293482,557183.78533511,-0.00550519
2025-09-27,FGI,equity_sub,24,2766674.45238722,2464892.22998693,301782.22240027,255401.56293482,557183.78533511,0.0
2025-09-28,FGI,equity_sub,24,2766674.45238722,2464892.22998693,301782.22240027,255401.56293482,557183.78533511,0.0
2025-09-29,FGI,equity_sub,24,2799898.94814787,2465621.16338026,334277.78476758,255477.09188724,589754.87665483,0.01200882
2025-09-30,FGI,equity_sub,24,2803327.7388292,2464797.32528739,338530.41354183,255391.72931681,593922.14285866,0.00122461
2025-10-01,FGI,equity_sub,24,2803702.27395067,2465126.63147336,338575.64247735,255425.85061169,594001.49308904,0.0001336
2025-10-02,FGI,equity_sub,24,2829151.70835479,2465433.92840925,363717.77994555,255457.69140243,619175.47134798,0.00907708
2025-10-03,FGI,equity_sub,24,2817858.81761644,2464965.12351812,352893.69409832,255409.11584993,608302.80994824,-0.00399162
2025-10-04,FGI,equity_sub,24,2817858.81761644,2464965.12351812,352893.69409832,255409.11584993,608302.80994824,0.0
2025-10-05,FGI,equity_sub,24,2817858.81761644,2464965.12351812,352893.69409832,255409.11584993,608302.80994824,0.0
2025-10-06,FGI,equity_sub,24,2805545.96941281,2465399.33860817,340146.63080464,255454.10735559,595600.73816021,-0.00436958
2025-10-07,FGI,equity_sub,24,2804987.11109012,2464908.23671425,340078.87437587,255403.22148326,595482.09585915,-0.0001992
2025-10-08,FGI,equity_sub,24,2796870.02928032,2464737.29430496,332132.73497539,255385.50916385,587518.24413924,-0.0028938
2025-10-09,FGI,equity_sub,24,2808330.23307493,2465240.68899713,343089.54407778,255437.66876319,598527.212841,0.00409751
2025-10-10,FGI,equity_sub,24,2781256.72018699,2465019.15005946,316237.57012756,255414.71384849,571652.28397601,-0.00964043
2025-10-11,FGI,equity_sub,24,2781256.72018699,2465019.15005946,316237.57012756,255414.71384849,571652.28397601,0.0
2025-10-12,FGI,equity_sub,24,2781256.72018699,2465019.15005946,316237.57012756,255414.71384849,571652.28397601,0.0
2025-10-13,FGI,equity_sub,24,2750635.73327157,2465019.15005946,285616.58321208,255414.71384849,541031.29706054,-0.01100977
2025-10-14,FGI,equity_sub,24,2716663.90689537,2466020.50667158,250643.4002238,255518.47012662,506161.8703504,-0.01235054
2025-10-15,FGI,equity_sub,24,2755110.18883739,2467745.937492,287364.25134545,255697.25186923,543061.50321469,0.01415202
2025-10-16,FGI,equity_sub,24,2763882.22356759,2467333.44581749,296548.77775006,255654.51125078,552203.28900086,0.00318391
2025-10-17,FGI,equity_sub,24,2732201.13476784,2468670.11113833,263531.0236295,255793.01077943,519324.03440895,-0.01146253
2025-10-18,FGI,equity_sub,24,2732201.13476784,2468670.11113833,263531.0236295,255793.01077943,519324.03440895,0.0
2025-10-19,FGI,equity_sub,24,2732201.13476784,2468670.11113833,263531.0236295,255793.01077943,519324.03440895,0.0
2025-10-20,FGI,equity_sub,24,2781838.47441456,2469842.9818286,311995.49258598,255914.53861088,567910.03119685,0.01816753
2025-10-21,FGI,equity_sub,24,2788343.75153286,2469607.72092061,318736.03061225,255890.16188441,574626.19249668,0.00233848
2025-10-22,FGI,equity_sub,24,2769172.22680306,2468540.04688724,300632.17991581,255779.53407948,556411.71399531,-0.0068756
2025-10-23,FGI,equity_sub,24,2785424.96403547,2468794.1728667,316630.79116879,255805.86552373,572436.65669253,0.00586917
2025-10-24,FGI,equity_sub,24,2796370.71254063,2468349.37998484,328021.33255575,255759.77799268,583781.11054844,0.00392965
2025-10-25,FGI,equity_sub,24,2796370.71254063,2468349.37998484,328021.33255575,255759.77799268,583781.11054844,0.0
2025-10-26,FGI,equity_sub,24,2796370.71254063,2468349.37998484,328021.33255575,255759.77799268,583781.11054844,0.0
2025-10-27,FGI,equity_sub,24,2822260.0408326,2469114.90402013,353145.13681244,255839.09831051,608984.23512295,0.00925819
2025-10-28,FGI,equity_sub,24,2823278.02820938,2469718.9201002,353559.10810916,255901.68386657,609460.79197571,0.0003607
2025-10-29,FGI,equity_sub,24,2823136.53285176,2469595.14420629,353541.38864546,255888.85873922,609430.24738469,-5.012e-05
2025-10-30,FGI,equity_sub,24,2817647.34655987,2468571.77642579,349075.57013413,255782.82175821,604858.39189233,-0.00194436
2025-10-31,FGI,equity_sub,24,2788073.13391126,2469194.65757733,318878.47633397,255847.36203208,574725.83836606,-0.01049607
2025-11-01,FGI,equity_sub,24,2788073.13391126,2469194.65757733,318878.47633397,255847.36203208,574725.83836606,0.0
2025-11-02,FGI,equity_sub,24,2788073.13391126,2469194.65757733,318878.47633397,255847.36203208,574725.83836606,0.0
2025-11-03,FGI,equity_sub,24,2808813.07725418,2468676.68532989,340136.3919243,255793.69196899,595930.08389327,0.00743881
2025-11-04,FGI,equity_sub,24,2800158.65600117,2468317.6504463,331841.00555484,255756.49031397,587597.49586879,-0.00308117
2025-11-05,FGI,equity_sub,24,2803133.08785671,2467685.90650953,335447.18134719,255691.03171626,591138.21306344,0.00106224
2025-11-06,FGI,equity_sub,24,2845558.66339905,2467396.90489458,378161.75850445,255661.08660822,633822.84511268,0.01513506
2025-11-07,FGI,equity_sub,24,2835040.77328398,2467143.06474954,367897.70853441,255634.78478091,623532.4933153,-0.00369625
2025-11-08,FGI,equity_sub,24,2835040.77328398,2467143.06474954,367897.70853441,255634.78478091,623532.4933153,0.0
2025-11-09,FGI,equity_sub,24,2835040.77328398,2467143.06474954,367897.70853441,255634.78478091,623532.4933153,0.0
2025-11-10,FGI,equity_sub,24,2879586.55646101,2466854.34896906,412732.20749197,255604.86928978,668337.07678176,0.01571257
2025-11-11,FGI,equity_sub,24,2891753.89215519,2467933.45829743,423820.43385777,255716.68197098,679537.11582876,0.00422538
2025-11-12,FGI,equity_sub,24,2927984.73651714,2468454.288889,459530.44762816,255770.64820344,715301.0958316,0.01252902
2025-11-13,FGI,equity_sub,24,2926196.31097278,2468787.88450955,457408.42646327,255805.21395113,713213.6404144,-0.0006108
2025-11-14,FGI,equity_sub,24,2892105.32094017,2468603.50596431,423501.81497587,255786.10943692,679287.92441279,-0.01165027
2025-11-15,FGI,equity_sub,24,2892105.32094017,2468603.50596431,423501.81497587,255786.10943692,679287.92441279,0.0
2025-11-16,FGI,equity_sub,24,2892105.32094017,2468603.50596431,423501.81497587,255786.10943692,679287.92441279,0.0
2025-11-17,FGI,equity_sub,24,2875409.00740037,2468441.42634027,406967.58106013,255769.31544129,662736.89650143,-0.00577307
2025-11-18,FGI,equity_sub,26,3130479.63887905,2765213.31697466,365266.32190439,255690.67631303,620956.99821742,0.0887076
2025-11-19,FGI,equity_sub,26,3128255.12574721,2761738.79463542,366516.33111179,255355.6531054,621871.98421717,-0.0007106
2025-11-20,FGI,equity_sub,26,3117915.02119487,2760009.18641798,357905.83477688,255284.1522551,613189.98703198,-0.00330539
2025-11-21,FGI,equity_sub,26,3065223.69835393,2760731.85400621,304491.84434773,255375.32014261,559867.16449034,-0.01689954
2025-11-22,FGI,equity_sub,26,3065223.69835393,2760731.85400621,304491.84434773,255375.32014261,559867.16449034,0.0
2025-11-23,FGI,equity_sub,26,3065223.69835393,2760731.85400621,304491.84434773,255375.32014261,559867.16449034,0.0
2025-11-24,FGI,equity_sub,26,3100923.1875413,2760417.22344166,340505.96409964,255414.38806218,595920.35216181,0.01164662
2025-11-25,FGI,equity_sub,25,2969821.86109221,2667723.60480445,302098.25628777,244291.00870581,546389.26499357,-0.04227816
2025-11-26,FGI,equity_sub,25,2971673.23071663,2670791.70701622,300881.52370042,244488.64527895,545370.16897934,0.00062339
2025-11-27,FGI,equity_sub,22,2650850.78912302,2513367.68324467,137483.10587837,103869.13347152,241352.2393499,-0.1079602
2025-11-28,FGI,equity_sub,22,2646650.15416659,2512999.43916324,133650.71500331,103857.11926405,237507.83426735,-0.00158464
2025-11-29,FGI,equity_sub,22,2646650.15416659,2512999.43916324,133650.71500331,103857.11926405,237507.83426735,0.0
2025-11-30,FGI,equity_sub,22,2646650.15416659,2512999.43916324,133650.71500331,103857.11926405,237507.83426735,0.0
2025-12-01,FGI,equity_sub,22,2664578.88737458,2511795.28693886,152783.60043574,103776.00554989,256559.60598562,0.00677412
2025-12-02,FGI,equity_sub,22,2668293.21107845,2510919.27721156,157373.93386689,103730.42872947,261104.36259638,0.00139396
2025-12-03,FGI,equity_sub,23,2746549.43529322,2610582.32958023,135967.10571301,103781.06162515,239748.16733814,0.0293282
2025-12-04,FGI,equity_sub,23,2752299.28799614,2612396.14867844,139903.13931771,103796.13347161,243699.27278933,0.00209348
2025-12-05,FGI,equity_sub,23,2742107.40877009,2611540.41743029,130566.99133978,103816.14110103,234383.13244078,-0.00370304
2025-12-06,FGI,equity_sub,23,2742107.40877009,2611540.41743029,130566.99133978,103816.14110103,234383.13244078,0.0
2025-12-07,FGI,equity_sub,23,2742107.40877009,2611540.41743029,130566.99133978,103816.14110103,234383.13244078,0.0
2025-12-08,FGI,equity_sub,23,2706461.59410803,2611017.05238003,95444.54172796,103786.93631845,199231.4780464,-0.01299942
2025-12-09,FGI,equity_sub,23,2684537.1001653,2611605.62683004,72931.47333524,103834.42715235,176765.90048758,-0.0081008
2025-12-10,FGI,equity_sub,23,2674496.9925261,2610910.71484896,63586.27767713,103808.80981208,167395.08748922,-0.00373998
2025-12-11,FGI,equity_sub,23,2686152.80297946,2614745.94635207,71406.85662738,103852.58087402,175259.4375014,0.00435813
2025-12-12,FGI,equity_sub,23,2728165.34494757,2615051.29614035,113114.04880724,103813.07134391,216927.12015116,0.01564041
2025-12-13,FGI,equity_sub,23,2728165.34494757,2615051.29614035,113114.04880724,103813.07134391,216927.12015116,0.0
2025-12-14,FGI,equity_sub,23,2728165.34494757,2615051.29614035,113114.04880724,103813.07134391,216927.12015116,0.0
2025-12-15,FGI,equity_sub,23,2693340.968837,2614428.39618426,78912.57265271,103783.07201794,182695.64467064,-0.01276476
2025-12-16,FGI,equity_sub,23,2668928.15815194,2615982.95590168,52945.20225023,103813.07134391,156758.27359414,-0.00906414
2025-12-17,FGI,equity_sub,23,2679171.07034079,2616488.70296827,62682.36737254,103841.09638907,166523.46376161,0.00383784
2025-12-18,FGI,equity_sub,23,2684064.84179274,2615977.32932002,68087.51247272,103849.90834823,171937.42082097,0.0018266
2025-12-19,FGI,equity_sub,23,2704346.52013601,2615435.34691983,88911.1732162,103826.40973658,192737.5829528,0.00755633
2025-12-20,FGI,equity_sub,23,2704346.52013601,2615435.34691983,88911.1732162,103826.40973658,192737.5829528,0.0
2025-12-21,FGI,equity_sub,23,2704346.52013601,2615435.34691983,88911.1732162,103826.40973658,192737.5829528,0.0
2025-12-22,FGI,equity_sub,23,2703729.37718698,2614206.89578464,89522.48140232,103824.95306019,193347.43446251,-0.0002282
2025-12-23,FGI,equity_sub,23,2713899.90893009,2617154.66349683,96745.24543325,103839.7600858,200585.00551904,0.00376167
2025-12-24,FGI,equity_sub,23,2719751.38241678,2619527.66811972,100223.71429704,103881.15963554,204104.87393257,0.00215611
2025-12-25,FGI,equity_sub,23,2719751.38241678,2619527.66811972,100223.71429704,103881.15963554,204104.87393257,0.0
2025-12-26,FGI,equity_sub,23,2720849.50291362,2619549.64828618,101299.85462746,103891.83762055,205191.692248,0.00040376
2025-12-27,FGI,equity_sub,23,2720849.50291362,2619549.64828618,101299.85462746,103891.83762055,205191.692248,0.0
2025-12-28,FGI,equity_sub,23,2720849.50291362,2619549.64828618,101299.85462746,103891.83762055,205191.692248,0.0
2025-12-29,FGI,equity_sub,23,2702308.9166213,2620526.43473122,81782.48189011,103961.62333482,185744.10522493,-0.00681426
2025-12-30,FGI,equity_sub,23,2706143.69425976,2619838.34861563,86305.34564415,103932.87597013,190238.22161426,0.00141907
2025-12-31,FGI,equity_sub,23,2691875.36951843,2617441.52463724,74433.84488115,103830.94812661,178264.79300777,-0.00527257
2026-01-01,FGI,equity_sub,23,2691875.36951843,2617441.52463724,74433.84488115,103830.94812661,178264.79300777,0.0
2026-01-02,FGI,equity_sub,23,2728174.5573534,2616124.51598531,112050.04136811,103768.54185052,215818.58321861,0.01348472
2026-01-03,FGI,equity_sub,23,2728174.5573534,2616124.51598531,112050.04136811,103768.54185052,215818.58321861,0.0
2026-01-04,FGI,equity_sub,23,2728174.5573534,2616124.51598531,112050.04136811,103768.54185052,215818.58321861,0.0
2026-01-05,FGI,equity_sub,23,2721762.14524043,2612860.04838252,108902.09685794,103699.0089198,212601.10577774,-0.00235044
2026-01-06,FGI,equity_sub,23,2764099.65638486,2615579.84270851,148519.81367633,103765.06274401,252284.87642034,0.01555518
2026-01-07,FGI,equity_sub,23,2772643.24698527,2615106.07287907,157537.17410623,103747.75179581,261284.92590202,0.00309091
2026-01-08,FGI,equity_sub,23,2776406.24892658,2614570.31248195,161835.93644462,103759.74184788,265595.6782925,0.00135719
2026-01-09,FGI,equity_sub,23,2783767.34079936,2611933.70167253,171833.63912682,103679.8439831,275513.48310991,0.0026513
2026-01-10,FGI,equity_sub,23,2783767.34079936,2611933.70167253,171833.63912682,103679.8439831,275513.48310991,0.0
2026-01-11,FGI,equity_sub,23,2783767.34079936,2611933.70167253,171833.63912682,103679.8439831,275513.48310991,0.0
2026-01-12,FGI,equity_sub,23,2818656.7879495,2609999.20850334,208657.57944611,103651.24114693,312308.82059305,0.01253318
2026-01-13,FGI,equity_sub,23,2842370.72651242,2610917.84374182,231452.88277063,103621.32608214,335074.20885276,0.00841321
2026-01-14,FGI,equity_sub,23,2833372.04388942,2608392.03296296,224980.01092645,103563.14522591,328543.15615238,-0.00316591
2026-01-15,FGI,equity_sub,23,2859007.72639049,2609596.69060851,249411.03578195,103604.05116507,353015.08694703,0.00904776
2026-01-16,FGI,equity_sub,23,2857985.34442638,2608631.55269458,249353.79173178,103608.03583871,352961.82757049,-0.0003576
2026-01-17,FGI,equity_sub,23,2857985.34442638,2608631.55269458,249353.79173178,103608.03583871,352961.82757049,0.0
2026-01-18,FGI,equity_sub,23,2857985.34442638,2608631.55269458,249353.79173178,103608.03583871,352961.82757049,0.0
2026-01-19,FGI,equity_sub,23,2836456.33822166,2609349.34946885,227106.98875278,103610.16660462,330717.1553574,-0.00753293
2026-01-20,FGI,equity_sub,23,2834032.36001051,2610213.11482342,223819.24518713,103617.34140847,327436.58659561,-0.00085458
2026-01-21,FGI,equity_sub,23,2830609.94579104,2612184.14641477,218425.79937625,103584.12787764,322009.9272539,-0.00120761
2026-01-22,FGI,equity_sub,23,2857451.69391086,2610961.90510831,246489.78880257,103612.02051234,350101.80931491,0.00948267
2026-01-23,FGI,equity_sub,23,2859939.64278605,2614378.03809229,245561.60469378,103616.81168595,349178.41637972,0.00087069
2026-01-24,FGI,equity_sub,23,2859939.64278605,2614378.03809229,245561.60469378,103616.81168595,349178.41637972,0.0
2026-01-25,FGI,equity_sub,23,2859939.64278605,2614378.03809229,245561.60469378,103616.81168595,349178.41637972,0.0
2026-01-26,FGI,equity_sub,23,2906292.52420432,2619711.8251646,286580.69903976,103643.65699365,390224.35603341,0.01620764
2026-01-27,FGI,equity_sub,23,2923117.03215564,2619791.73205512,303325.30010052,103611.22596892,406936.52606944,0.00578899
2026-01-28,FGI,equity_sub,23,2978120.89173625,2624940.1686058,353180.72313047,103572.04144628,456752.76457675,0.01881685
2026-01-29,FGI,equity_sub,23,2992275.1530678,2623330.12455579,368945.028512,103549.61423625,472494.64274825,0.00475275
2026-01-30,FGI,equity_sub,24,3050378.7976093,2721999.43274511,328379.36486422,103500.12496609,431879.4898303,0.01941788
2026-01-31,FGI,equity_sub,24,3050378.7976093,2721999.43274511,328379.36486422,103500.12496609,431879.4898303,0.0
2026-02-01,FGI,equity_sub,24,3050378.7976093,2721999.43274511,328379.36486422,103500.12496609,431879.4898303,0.0
2026-02-02,FGI,equity_sub,24,2985152.50302129,2714590.62015472,270561.88286657,103444.32765935,374006.21052594,-0.02138301
2026-02-03,FGI,equity_sub,24,3018024.98254498,2713190.88363697,304834.09890804,103439.69297085,408273.79187887,0.01101199
2026-02-04,FGI,equity_sub,24,3036073.52241874,2712952.74331672,323120.77910204,103395.87367889,426516.6527809,0.00598025
2026-02-05,FGI,equity_sub,24,3060016.40591192,2711512.26356594,348504.14234598,103411.75218687,451915.89453289,0.00788613
2026-02-06,FGI,equity_sub,24,3030561.24542243,2709929.39293267,320631.85248977,103391.90104255,424023.75353232,-0.00962582
2026-02-07,FGI,equity_sub,24,3030561.24542243,2709929.39293267,320631.85248977,103391.90104255,424023.75353232,0.0
2026-02-08,FGI,equity_sub,24,3030561.24542243,2709929.39293267,320631.85248977,103391.90104255,424023.75353232,0.0
2026-02-09,FGI,equity_sub,16,2296065.31978354,2058346.55756286,237718.76222072,54131.41051962,291850.17274034,-0.242363
2026-02-10,FGI,equity_sub,16,2300794.45639808,2061945.45500992,238849.00138819,54116.37464844,292965.37603663,0.00205967
2026-02-11,FGI,equity_sub,16,2317482.52514835,2062209.06185868,255273.46328967,54094.50145693,309367.9647466,0.00725318
2026-02-12,FGI,equity_sub,16,2339100.35944463,2063796.90190594,275303.45753867,54106.95992177,329410.41746044,0.00932815
2026-02-13,FGI,equity_sub,16,2328099.87364427,2063709.59155292,264390.28209134,54103.50030374,318493.78239508,-0.00470287
2026-02-14,FGI,equity_sub,16,2328099.87364427,2063709.59155292,264390.28209134,54103.50030374,318493.78239508,0.0
2026-02-15,FGI,equity_sub,16,2328099.87364427,2063709.59155292,264390.28209134,54103.50030374,318493.78239508,0.0
2026-02-16,FGI,equity_sub,16,2338874.03966644,2063769.25114647,275104.78851999,54107.65309716,329212.44161715,0.00462788
2026-02-17,FGI,equity_sub,16,2350467.35671538,2062802.53361063,287664.82310473,54107.65309716,341772.47620189,0.00495679
2026-02-18,FGI,equity_sub,16,2343494.98426166,2063159.90794959,280335.07631208,54110.4258833,334445.50219538,-0.00296638
2026-02-19,FGI,equity_sub,16,2348773.1991268,2059404.72699284,289368.47213394,54109.03949023,343477.51162417,0.00225228
2026-02-20,FGI,equity_sub,15,2219708.36457755,1959174.43887609,260533.92570147,54114.57867672,314648.50437819,-0.05494989
2026-02-21,FGI,equity_sub,15,2219708.36457755,1959174.43887609,260533.92570147,54114.57867672,314648.50437819,0.0
2026-02-22,FGI,equity_sub,15,2219708.36457755,1959174.43887609,260533.92570147,54114.57867672,314648.50437819,0.0
2026-02-23,FGI,equity_sub,17,2423530.68767448,2139201.96066865,284328.72700584,54124.47863885,338453.20564469,0.09182392
2026-02-24,FGI,equity_sub,17,2418058.5934363,2136384.80137318,281673.7920631,54086.88900319,335760.68106629,-0.0022579
2026-02-25,FGI,equity_sub,17,2407038.51553169,2135090.50555624,271948.00997546,54061.86495294,326009.8749284,-0.00455741
2026-02-26,FGI,equity_sub,17,2414966.06756805,2137775.25306423,277190.81450383,54082.0492933,331272.86379713,0.00329349
2026-02-27,FGI,equity_sub,17,2449888.49038836,2136594.15861252,313294.33177584,54056.6093209,367350.94109674,0.01446083
2026-02-28,FGI,equity_sub,17,2449888.49038836,2136594.15861252,313294.33177584,54056.6093209,367350.94109674,0.0
2026-03-01,FGI,equity_sub,17,2449888.49038836,2136594.15861252,313294.33177584,54056.6093209,367350.94109674,0.0
2026-03-02,FGI,equity_sub,17,2406801.2300615,2133783.24294728,273017.98711419,54061.31040417,327079.29751836,-0.01758744
2026-03-03,FGI,equity_sub,17,2357959.72216452,2131397.03316162,226562.68900291,54072.02330697,280634.71230988,-0.02029312
2026-03-04,FGI,equity_sub,17,2301928.01700832,2130601.44886168,171326.56814665,54185.22703973,225511.79518638,-0.02376279
2026-03-05,FGI,equity_sub,17,2315458.18622848,2129572.48219897,185885.7040295,54098.65429264,239984.35832214,0.00587776
2026-03-06,FGI,equity_sub,17,2319493.70078524,2127130.98709151,192362.71369377,54084.74642263,246447.4601164,0.00174286
2026-03-07,FGI,equity_sub,17,2319493.70078524,2127130.98709151,192362.71369377,54084.74642263,246447.4601164,0.0
2026-03-08,FGI,equity_sub,17,2319493.70078524,2127130.98709151,192362.71369377,54084.74642263,246447.4601164,0.0
2026-03-09,FGI,equity_sub,17,2254532.9082383,2123840.77019933,130692.13803899,54103.70824367,184795.84628266,-0.02800645
2026-03-10,FGI,equity_sub,17,2295623.83020137,2128285.48676568,167338.34343566,54075.76022053,221414.10365619,0.01822591
2026-03-11,FGI,equity_sub,17,2271266.16513913,2127983.75960309,143282.40553606,54053.01737746,197335.42291352,-0.01061048
2026-03-12,FGI,equity_sub,17,2231844.87917661,2124770.44068451,107074.43849212,54041.96416703,161116.40265915,-0.01735652
2026-03-13,FGI,equity_sub,17,2213934.81419344,2123153.45964529,90781.35454814,54028.85033406,144810.2048822,-0.00802478
2026-03-14,FGI,equity_sub,17,2213934.81419344,2123153.45964529,90781.35454814,54028.85033406,144810.2048822,0.0
2026-03-15,FGI,equity_sub,17,2213934.81419344,2123153.45964529,90781.35454814,54028.85033406,144810.2048822,0.0
2026-03-16,FGI,equity_sub,17,2229363.49449798,2119497.77586957,109865.7186284,54030.36905254,163896.08768094,0.0069689
2026-03-17,FGI,equity_sub,17,2253905.17487344,2122033.75415018,131871.42072325,54011.31901456,185882.73973781,0.01100838
2026-03-18,FGI,equity_sub,17,2275437.73014768,2122566.02386152,152871.70628614,53965.41740627,206837.12369241,0.00955344
2026-03-19,FGI,equity_sub,17,2187146.26345931,2118545.11443422,68601.14902508,53968.17124649,122569.32027157,-0.03880197
2026-03-20,FGI,equity_sub,17,2170669.71211723,2124011.55401256,46658.15810467,53985.3938067,100643.55191137,-0.00753336
2026-03-21,FGI,equity_sub,17,2170669.71211723,2124011.55401256,46658.15810467,53985.3938067,100643.55191137,0.0
2026-03-22,FGI,equity_sub,17,2170669.71211723,2124011.55401256,46658.15810467,53985.3938067,100643.55191137,0.0
2026-03-23,FGI,equity_sub,17,2102248.76478317,2122384.75206285,-20135.98727968,53985.12285467,33849.13557499,-0.03152066
2026-03-24,FGI,equity_sub,17,2137295.02685876,2125288.86463376,12006.16222499,53977.13228604,65983.29451103,0.01667084
2026-03-25,FGI,equity_sub,17,2149618.37260651,2126330.54482514,23287.82778136,54026.7077535,77314.53553486,0.00576586
2026-03-26,FGI,equity_sub,17,2116485.18114582,2125534.5632514,-9049.38210558,54092.70548521,45043.32337963,-0.01541352
2026-03-27,FGI,equity_sub,17,2104626.12153199,2122142.40676062,-17516.28522865,54039.89724328,36523.61201463,-0.00560319
2026-03-28,FGI,equity_sub,17,2104626.12153199,2122142.40676062,-17516.28522865,54039.89724328,36523.61201463,0.0
2026-03-29,FGI,equity_sub,17,2102674.43011858,2120198.50389239,-17524.07377383,53990.90778835,36466.83401452,-0.00092733
2026-03-30,FGI,equity_sub,17,2092495.3054812,2118631.23052171,-26135.92504047,53995.45764258,27859.53260211,-0.00484104
2026-03-31,FGI,equity_sub,17,2098987.56286516,2116438.64199257,-17451.07912744,53970.92508671,36519.84595927,0.00310264
2026-04-01,FGI,equity_sub,17,2153541.37322131,2121394.94443506,32146.42878625,53952.33507935,86098.7638656,0.02599054
2026-04-02,FGI,equity_sub,17,2130503.27839675,2122570.42212463,7932.85627211,53961.28351648,61894.13978859,-0.01069777
2026-04-03,FGI,equity_sub,17,2128159.88926919,2119869.53648623,8290.35278299,53962.66356605,62253.01634904,-0.00109992
2026-04-04,FGI,equity_sub,17,2128035.17873275,2119696.11266598,8339.06606677,53970.23821253,62309.3042793,-5.86e-05
